,,,,,,,Discontinuation_Year
MAKE,Model,Engine Capacity,Body Type ,Drive configuration,seating,Fuel,Discontinuation_Year
ALFA ROMEO,147.00,1600,HATCHBACK,2WD,,Petrol,2010
ALFA ROMEO,147.00,2000,HATCHBACK,2WD,,Petrol,2010
ALFA ROMEO,Alfa Romeo A1560 2.0,1970,HATCHBACK,2WD,,Petrol,2010
ALFA ROMEO,156 JD,1600,SALOON,2WD,,Petrol,2007
ALFA ROMEO,156 VELOCE,2000,SALOON,2WD,,Petrol,2007
ALFA ROMEO,GTV,2000,SALOON,2WD,,Petrol,2004
ALFA ROMEO,SPIDER,2000,SALOON,2WD,,Petrol,2004
AUDI,A1 SE MT,1400,HATCHBACK,2WD,,Petrol,2018
AUDI,A1 SE AT,1400,HATCHBACK,2WD,,Petrol,2018
AUDI,A3,1400,SALOON,2WD,,Petrol,2020
AUDI,A3,1800,SALOON,2WD,,Petrol,2020
AUDI,A3,1800,SALOON,4WD,,Petrol,2020
AUDI,A3  TDI SPORTSBACK,1600,HATCHBACK,2WD,,Diesel,2020
AUDI,A3  TFSI SPORTSBACK,1400,HATCHBACK,2WD,,Petrol,2020
AUDI,A3 CABRIOLET CONVERTIBLE,1500,COUPE,2WD,,Petrol,2020
AUDI,A3 CABRIOLET  CONVERTIBLE,2000,COUPE,2WD,,Diesel,2020
AUDI,A4,1400,SALOON,2WD,,Petrol,2019
AUDI,A4,2000,SALOON,2WD,,Petrol,2019
AUDI,A4 QUATTRO,2000,SALOON,4WD,,Petrol,2019
AUDI,A5,1400,COUPE,2WD,,Petrol,Unknown
AUDI,A5 QUATTRO,1400,COUPE,4WD,,Petrol,Unknown
AUDI,A5 S LINE,2000,COUPE,2WD,,Petrol,Unknown
AUDI,A5 S LINE QUATTRO,2000,COUPE,4WD,,Petrol,Unknown
AUDI,A5 CABRIOLET S LINE,2000,SPORT,2WD,,Petrol,Unknown
AUDI,A5 CABRIOLET S TDI LINE,2000,SPORT,2WD,,Diesel,Unknown
AUDI,A6 TDI,2000,ESTATE,2WD,,Diesel,2018
AUDI,A6 TDI QUATTRO,2967,ESTATE,4WD,,Diesel,2018
AUDI,A7 SPORT BACK,2000,ESTATE,2WD,,Petrol,Unknown
AUDI,A7 SPORT BACK,3000,ESTATE,4WD,,Diesel,Unknown
AUDI,A8 SPORT BACK,3000,ESTATE,4WD,,Diesel,2017
AUDI,A8L LONG WHEEL BASE,3000,ESTATE,4WD,,Diesel,2017
AUDI,Q2,1600,SALOON,2WD,,Petrol,Unknown
AUDI,Q5,2000,ESTATE,4WD,,Petrol,2017
AUDI,Q5  QUATTRO S,2000,ESTATE,4WD,,Diesel,2017
AUDI,Q5,3200,ESTATE,4WD,,Petrol,2017
AUDI,SQ5 TFSI QUATTRO TIPTRONIC,3000,ESTATE,4WD,,Petrol,2017
AUDI,Q7,3000,ESTATE,4WD,,Petrol,2015
AUDI,Q7 TFSI V6,3000,ESTATE,4WD,,Petrol,2015
AUDI,Q7 TFSI V6 Supercharged,3000,ESTATE,4WD,,Petrol,2015
AUDI,Q7 TDI,4200,ESTATE,4WD,,Diesel,2015
AUDI,Q7 TDI,6000,ESTATE,4WD,,Diesel,2015
AUDI,Q8 TDI QUATTRO,2967,ESTATE,4WD,,Diesel,Unknown
AUDI,RS ,2500,COUPE,4WD,,Petrol,Unknown
AUDI,TT,2000,COUPE,2WD,,Petrol,2023
AUDI,TT RS,2500,COUPE,4WD,,Petrol,2023
BEDOFORD,Bedford MJT2,5400,TRK,,,Diesel,1986
BEDOFORD,Bedford MJT2,4520,TRK,,,Diesel,1986
BEI BEN,2636S 6X4,9726,PM,6X4,,Diesel,Unknown
BEI BEN,Beiben Truck,8000,TRUCK,6X2,,Diesel,Unknown
BENTLEY,Continental GT V8,4000,Coupe,AWD,,Petrol,Unknown
BENTLEY,Continental GT V8 S,4000,Coupe,AWD,,Petrol,Unknown
BENTLEY,Flying Spur V8,4000,Coupe,AWD,,Petrol,Unknown
BENTLEY,Flying Spur V8 S,4000,Coupe,AWD,,Petrol,Unknown
BENTLEY,Bentayga Oyx,6000,S/WAGON,AWD,,Petrol,Unknown
BENTLEY,Bentayga W12,6000,S/WAGON,AWD,,Petrol,Unknown
BENTLEY,Bentayga V8,4000,S/WAGON,AWD,,Petrol,Unknown
BENTLEY,Bentayga Mulinner,6000,S/WAGON,AWD,,Petrol,Unknown
BMW,116i E81 HAT NA45,1596,HATCHBACK,2WD,3DR,Petrol,2011
BMW,116i F20SH N13,1596,HATCHBACK,2WD,,Petrol,2019
BMW,116D E81 HAT N47,1597,HATCHBACK,2WD,3DR,Diesel,2011
BMW,116D F20SH N47-SPECIAL 1C71 1C72,1597,HATCHBACK,2WD,,Diesel,2019
BMW,118i N46 UE71 UE72,1995,SALOON,2WD,,Petrol,2011
BMW,118i E81 HAT N46 UA31 UA32,1600,HATCHBACK,2WD,3DR,Petrol,2011
BMW,118i N13 F20SH 1A31 1A32 SPECIAL,1600,HATCHBACK,2WD,,Petrol,2019
BMW,118i E88 CAB N46 UM31 UM32 CONVERTIBLE,1600,coupe,2WD,,Petrol,2013
BMW,118D E88 CAB N47 UM91 UM92 CONVERTIBLE,1995, coupe,2WD,,Diesel,2013
BMW,118D E82 COU N47 UR11 UR12,1995,Coupe,2WD,,Diesel,2013
BMW,118D N47 UD71 UD72,1995,SALOON,2WD,,Diesel,2012
BMW,118D E81 HAT N47 UB31 UB32,1995,SALOON,2WD,3DR,Diesel,2011
BMW,120i E81 HAT N46 UL51 UL52,1995,HATCHBACK,2WD,3DR,Petrol,2011
BMW,120i E82 COU N46 UC51 UC52,1995,Coupe,2WD,,Petrol,2013
BMW,120i N46 UD31 UD32,1995,SALOON,2WD,,Petrol,2012
BMW,120i N46 UA51 UA52,1995,SALOON,2WD,,Petrol,2012
BMW,120D N47 UM71 UM72,1995,SALOON,2WD,,Diesel,2012
BMW,120D N47 UMR1 UM32,1995,SALOON,2WD,,Diesel,2012
BMW,120D N47 UD91 UD92,1995,SALOON,2WD,,Diesel,2012
BMW,120D N47 UB51 UB52,1995,SALOON,2WD,,Diesel,2011
BMW,125i N52 UL91 UL92,2000,SALOON,2WD,,Petrol,2013
BMW,125i N52 UC31 UC32,2000,SALOON,2WD,,Petrol,2013
BMW,130i manual,3000,SALOON,2WD,,Petrol,2013
BMW,130i N52 UD51 UD52,3000,SALOON,2WD,,Petrol,2013
BMW,130i N52 UB11 UB12,3000,SALOON,2WD,,Petrol,2011
BMW,135i N55 UN71 UN72,3500,SALOON,2WD,,Petrol,2013
BMW,135i N54 UC71 UC72,3500,SALOON,2WD,,Petrol,2010
BMW,316i E90 LIM N45 PF11 PF12,1800,SALOON,2WD,,Petrol,2012
BMW,316i F30,1800,SALOON,2WD,,Petrol,2018
BMW,318i N46 PF71 PF72 Auto,1995,SALOON,2WD,,Petrol,2012
BMW,318i N46 PF71 PF72 Manual,1996,SALOON,2WD,,Petrol,2012
BMW,320d,1995,SALOON,2WD,,Diesel,2018
BMW,320d N47 KK11 KK12,1995,SALOON,2WD,,Diesel,2011
BMW,320ed,1995,SALOON,2WD,,Diesel,2018
BMW,320i E93 CAB N46 DV31 DV32 CONVERTIBLE,1995,Coupe,2WD,,Petrol,2013
BMW,320i E92 COU N46 KD51 KD52,1995,Coupe,2WD,,Petrol,2013
BMW,320i E90 N46,1995,SALOON,2WD,,Petrol,2012
BMW,320i E90 N46,2170,SALOON,2WD,,Petrol,2012
BMW,320i F30,1995,SALOON,2WD,,Petrol,2018
BMW,320d F30,1995,SALOON,2WD,,Diesel,2018
BMW,325i manual,2497,SALOON,2WD,,Petrol,2011
BMW,325i auto,2500,SALOON,2WD,,Petrol,2011
BMW,325i N52 DW11 DW32,2500,SALOON,2WD,,Petrol,2011
BMW,325i N52 KE31 KE32,2500,SALOON,2WD,,Petrol,2011
BMW,325i N52 PH11 PH12,2500,SALOON,2WD,,Petrol,2011
BMW,325i N53 CONVERTIBLE,3000,SALOON,2WD,,Petrol,2013
BMW,330i  N52 DX31 DX32,2967,SALOON,2WD,,Petrol,2012
BMW,330i  N52 KG31 KG32,2967,SALOON,2WD,,Petrol,2012
BMW,330i  N52 PM31 PM32,2967,SALOON,2WD,,Petrol,2012
BMW,330d,2967,SALOON,2WD,,Diesel,2012
BMW,330d N57 KK71 KK72,2967,SALOON,2WD,,Diesel,2011
BMW,330 ci Convertible,2970,Coupe,2WD,,Petrol,2013
BMW,335i N55 DX71 DX72,3500,SALOON,2WD,,Petrol,2012
BMW,335i N54 KG71 KG72,3500,SALOON,2WD,,Petrol,2010
BMW,335i N54 PM51 PM52,3500,SALOON,2WD,,Petrol,2012
BMW,M3 E90,3000,SALOON,2WD,,Petrol,2013
BMW,520i N20 XG11 XG12,2000,SALOON,2WD,,Petrol,2017
BMW,520D N47 FW11/12,2000,SALOON,2WD,,Diesel,2010
BMW,520D N47 XA31/32,2000,SALOON,2WD,,Diesel,2010
BMW,520i F10,2000,SALOON,2WD,,Petrol,2017
BMW,523i,2300,SALOON,2WD,,Petrol,2010
BMW,525i manual,2497,SALOON,2WD,,Petrol,2010
BMW,525i auto,2498,SALOON,2WD,,Petrol,2010
BMW,525d N47 XA11,2498,SALOON,2WD,,Diesel,2010
BMW,528i N20 XG31 XG32,2800,SALOON,2WD,,Petrol,2017
BMW,528d N20 XG31 XG32,2800,SALOON,2WD,,Diesel,2017
BMW,530i N52 FR11/12,3000,SALOON,2WD,,Petrol,2010
BMW,530d N57 XA51/52,3000,SALOON,2WD,,Petrol,2010
BMW,530d N57 FV31,3000,SALOON,2WD,,Petrol,2010
BMW,535i N55 FR71 FR72,3500,SALOON,2WD,,Petrol,2016
BMW,535i Xdrive N55 FU71,3500,SALOON,2WD,,Petrol,2016
BMW,535i F07 GT N55 SN21/22,3500,SALOON,2WD,,Petrol,2016
BMW,535d N57 SN81/82,3500,SALOON,2WD,,Petrol,2016
BMW,535d N57 SN61/62,3500,SALOON,2WD,,Petrol,2016
BMW,550i N63 FR91 FR92,5000,SALOON,2WD,,Petrol,2016
BMW,550i N63 SN41 SN42,5000,SALOON,2WD,,Petrol,2016
BMW,M5 E60,5500,SALOON,2WD,,Petrol,2010
BMW,M5 F10,4400,SALOON,2WD,,Petrol,2016
BMW,630i  E63 COU N52 EA11 EA12,2996,SALOON,2WD,,Petrol,2010
BMW,630i  E64 CAB N52 EA11 EA12,2996,SALOON,2WD,,Petrol,2010
BMW,640i F12 CAB N55 LW71/72 CONVERTIBLE,2996,Coupe,2WD,,Petrol,2018
BMW,640i F13 COU N55 lw31/32 COUPE,2996,Coupe,2WD,,Petrol,2018
BMW,640d F13 COU N57 LX71/72,2996,Coupe,2WD,,Diesel,2018
BMW,640d F12 CAB N57 LZ71/72 CONVERTIBLE,2996,Coupe,2WD,,Diesel,2018
BMW,650i  N63 F12 CAB LZ31/32 CONVERTIBLE,4800,Coupe,2WD,,Petrol,2018
BMW,650i  xDRIVE F12 CAB N63 LZ51 CONVERTIBLE,4800,Coupe,2WD,,Petrol,2018
BMW,650i  N63 F13 COU LX31/32,4800,Coupe,2WD,,Petrol,2018
BMW,650i  Xdrive N63 F13 COU LX51,4800,Coupe,2WD,,Petrol,2018
BMW,730i F01 LIM N52 KA21,2979,SALOON,2WD,,Petrol,2015
BMW,730i F02 LIM N52 KB21 KB2,2979,SALOON,2WD,,Petrol,2015
BMW,730d N57 F01 LIM KM21/22,3000,SALOON,2WD,,Diesel,2015
BMW,730Ld N57 F02 LIM KM41 KM42,3000,SALOON,2WD,,Diesel,2015
BMW,735i,3500,SALOON,2WD,,Petrol,2008
BMW,740i N54 KA41 KA42,4000,SALOON,2WD,,Petrol,2012
BMW,740Li N54 KB41 KB4,4000,SALOON,2WD,,Petrol,2012
BMW,745ia,4400,SALOON,2WD,,Petrol,2008
BMW,750i N63 F01 LIM KA81 KA82,5000,SALOON,2WD,,Petrol,2015
BMW,750i xDRIVE N63 KC61,5000,SALOON,2WD,,Petrol,2015
BMW,750Li N63 F02 LIM KB81/82,5000,SALOON,2WD,,Petrol,2015
BMW,750Li Xdrive N63 KC81,5000,SALOON,2WD,,Petrol,2015
BMW,760i N74 F01 LIM KA01,6000,SALOON,2WD,,Petrol,2015
BMW,760Li N74 KB01 KB02,6000,SALOON,2WD,,Petrol,2015
BMW,X1 E84 SAV SDRIVE 18i N46 VL31/32 Manual/Auto,2000,S/WAGON,2WD,,Petrol,2015
BMW,X1 E84 SAV SDRIVE 20i N20 VL91/92 Manual,2000,S/WAGON,2WD,,Petrol,2015
BMW,X1 E84 SAV XDRIVE 20i N20 VM91/92 Manual,2000,S/WAGON,2WD,,Petrol,2015
BMW,X1 E84 SAV XDRIVE 28i N20 VM11/12 Auto,3000,S/WAGON,2WD,,Petrol,2015
BMW,X1 E84 SAV SDRIVE 18d N47 VN11/12 Manual,2000,S/WAGON,2WD,,Diesel,2015
BMW,X1 E84 SAV XDRIVE 18d N47 VP11/12 Manual,2000,S/WAGON,2WD,,Diesel,2015
BMW,X1 E84 SAV SDRIVE 20d N47 VN31/32 Manual,2000,S/WAGON,2WD,,Diesel,2015
BMW,X1 E84 SAV XDRIVE 20d N47 VP31/32 Manual,2000,S/WAGON,4WD,,Diesel,2015
BMW,X1 E84 SAV XDRIVE 23d N47 VP51/52 Auto,2000,S/WAGON,4WD,,Diesel,2015
BMW,X3 F25 SAV XDRIVE20i N20 WX31/32 MANUAL,2000,S/WAGON,4WD,,Petrol,2017
BMW,X3 F25 SAV XDRIVE20d N47 WY31/32 MANUAL,2000,S/WAGON,4WD,,Diesel,2017
BMW,X3 F25 SAV GH-PA25,2500,S/WAGON,4WD,,Petrol,2017
BMW,X3 F25 SAV XDRIVE28i N52 WX51/52 AUTO,3000,S/WAGON,4WD,,Petrol,2017
BMW,X3 F25 SAV GH-PA30,3000,S/WAGON,4WD,,Petrol,2017
BMW,X3 F25 SAV XDRIVE30d N57 WY51/52 AUTO,3000,S/WAGON,4WD,,Diesel,2017
BMW,X3 F25 SAV XDRIVE35i N55 WX71/72 AUTO,3000,S/WAGON,4WD,,Petrol,2017
BMW,X3 F25 SAV XDRIVE35d N57 WY71/72 AUTO,3000,S/WAGON,4WD,,Diesel,2017
BMW,X3 F25 20d,2000,S/WAGON,4WD,,Diesel,2017
BMW,X3 F25 20i,2000,S/WAGON,4WD,,Petrol,2017
BMW,X5 E70 SAV XDRIVE 30D N57 ZW41/42 Auto,3000,S/WAGON,4WD,,Diesel,2013
BMW,X5 E70 SAV XDRIVE 35i N55 ZV41/42 Auto,3000,S/WAGON,4WD,,Petrol,2013
BMW,X5 E70 SAV XDRIVE 5i N63 ZV81/82 Auto,4400,S/WAGON,4WD,,Petrol,2013
BMW,X5 E70 SAV M S63 GY01/02 Auto,4400,S/WAGON,4WD,,Petrol,2013
BMW,X5 E70 SAV XDRIVE 48i Auto,4799,S/WAGON,4WD,,Petrol,2013
BMW,X5 F15 30d,3000,S/WAGON,4WD,,Diesel,2018
BMW,X5 F15 25d,2000,S/WAGON,4WD,,Diesel,2018
BMW,X6 E71 SAV XDRIVE 30d N57 FH61/62,3000,S/WAGON,4WD,,Diesel,2014
BMW,X6 E71 SAV XDRIVE 35i N55 FG21/22,3000,S/WAGON,4WD,,Petrol,2014
BMW,X6 E71 SAV XDRIVE 50i N63 FG81/82,4400,S/WAGON,4WD,,Petrol,2014
BMW,X6 E71 SAV M S63 GZ01/02,4400,S/WAGON,4WD,,Petrol,2014
BMW,M3 S65 KG91 KG92,4799,S/WAGON,4WD,,Petrol,2013
BMW,M3 S65 DX91 DX92,4799,S/WAGON,4WD,,Petrol,2013
BMW,M3 S65 PM91 PM92,4799,S/WAGON,4WD,,Petrol,2013
BMW,M6 S85 EH91 EH92,4799,S/WAGON,4WD,,Petrol,2010
BMW,M6 S85 EK91 EK92,4799,S/WAGON,4WD,,Petrol,2010
BMW,Z4 E89 ROA Sdrive 18i N20 LL31/32 COVERTIBLE,2300,Coupe,2WD,2DR,Petrol,2016
BMW,Z4 E89 ROA Sdrive 28i N20 LL51/52 CONVERTIBLE,2500,Coupe,2WD,2DR,Petrol,2016
BMW,Z4 E89 ROA Sdrive 35i N54 LM71/72 CONVERTIBLE,3000,Coupe,2WD,2DR,Petrol,2016
BMW,Z4 E89 ROA Sdrive 35is N54 LM11/12 CONVERTIBLE,3000,Coupe,2WD,2DR,Petrol,2016
BMW,BMW Mini cooper,1596,HATCHBACK,2WD,,Petrol,2006
BMW,Bmw Z3 Roadster,1895,Coupe,2WD,2,Petrol,2002
CADILLAC,CTS SPORT SEDAN AUTO,3000,SALOON,4WD,,Petrol,2019
CADILLAC,CTS V SEDAN MANUAL V8,6200,SALOON,4WD,,Petrol,2019
CADILLAC,CTS COUPE AUTO V6 RWD,3600,COUPE,4WD,,Petrol,2019
CADILLAC,CTS V COUPE AUTO V8 RWD,6200,COUPE,4WD,,Petrol,2019
CADILLAC,CTS SPORTS WAGON MANUAL V8 RWD SUPERCHARGED,6200,S/WAGON,4WD,,Petrol,2014
CADILLAC,CTS V WAGON MANUAL V8 RWD SUPERCHARGED,6200,S/WAGON,4WD,,Petrol,2014
CADILLAC,STS MANUAL V8 AWD,3600,SALOON,4WD,,Petrol,2011
CADILLAC,DTS AUTO V8,4600,SALOON,4WD,,Petrol,2011
CADILLAC,SRX CROSSOVER FWD AUTO MANUAL V6,3000,S/WAGON,4WD,,Petrol,2016
CADILLAC,ESCALADE V8 AWD AUTO,6200,S/WAGON,4WD,,Petrol,2014
CADILLAC,ESCALADE HYBRID AUTO 2WD SFI RWD HYBRID,6000,S/WAGON,4WD,,Petrol,2013
CADILLAC,ESCALADE ESV AUTO V8 AWD,6200,S/WAGON,4WD,,Petrol,2014
CADILLAC,ESCALADE EXT AUTO V8 AWD,6200,S/WAGON,4WD,,Petrol,2013
CAM,INYATHI,2771,VAN,,14,Petrol,Unknown
CHEVROLET,Aveo N/B T250,1500,HATCHBACK,2WD,,Petrol,2011
CHEVROLET,Captiva C140 2.4 MT BASE,2400,SALOON,2WD,,Petrol,2018
CHEVROLET,Captiva C140 2.4 AT BASE,2400,SALOON,2WD,,Petrol,2018
CHEVROLET,Captiva C140 2.4 MT DELUXE,2400,SALOON,2WD,,Petrol,2018
CHEVROLET,Corsa Utility (No AC),1400,P/U,2WD,,Petrol,2008
CHEVROLET,Corsa Utility (With AC),1400,P/U,2WD,,Petrol,2008
CHEVROLET,Colorado,3000,DOUBLE  CAB,4WD,,Petrol,2012
CHEVROLET,Optra Manual,1800,SALOON,2WD,,Petrol,2009
CHEVROLET,Optra Auto,1800,SALOON,2WD,,Petrol,2009
CHEVROLET,Optra Auto Loaded,1800,SALOON,2WD,,Petrol,2009
CHEVROLET,CHEVROLET ORLANDO ,1800,S/WAGON,2WD,,Petrol,2018
CHEVROLET,LUV PICK UP,1500,SCAB,2WD,,Diesel,2005
CHEVROLET,LACETTI SX AUTO,1800,S/WAGON,2WD,,Petrol,2009
CHEVROLET,CRUZE LTZ 1.4 Auto,1400,SALOON,2WD,,Petrol,2019
CHEVROLET,CRUZE J300 1.6 MT BASE,1600,SALOON,2WD,,Petrol,2015
CHEVROLET,CRUZE J300 1.6 MT DELUXE,1600,SALOON,2WD,,Petrol,2015
CHEVROLET,CRUZE J300 1.8 MT DELUXE,1800,SALOON,2WD,,Petrol,2015
CHEVROLET,CRUZE J300 1.8 AT LUXURY,1800,SALOON,2WD,,Petrol,2015
CHEVROLET,Matiz SE,995,HATCHBACK,2WD,,Petrol,2009
CHEVROLET,Trailblazer,2500,S/WAGON,4WD,,Diesel,Unknown
CHRYSLER,300 Touring,2700,SALOON,2WD,,Petrol,2010
CHRYSLER,300 Touring Plus,3500,SALOON,2WD,,Petrol,2010
CHRYSLER,300 Touring signature series,3500,SALOON,2WD,,Petrol,2010
CHRYSLER,300 v6 RWD,3500,SALOON,2WD,,Petrol,2023
CHRYSLER,300 Touring AWD signature series vp,3500,SALOON,4WD,,Petrol,2010
CHRYSLER,300 c AWD,5700,SALOON,4WD,,Petrol,2010
CHRYSLER,300C CRD LTD,3000,SALOON,2WD,,Diesel,2010
CHRYSLER,GRD VOYAGER TOURING CRD,2777,S/WAGON,2WD,,Diesel,2016
CHRYSLER,300C SRT DESIGN V6 TD,3000,SALOON,2WD,,Diesel,2010
CHRYSLER,PT Cruiser Classic,2600,SALOON,2WD,,Petrol,2010
CHRYSLER,Sebring Touring,2400,SALOON,4WD,,Petrol,2010
CHRYSLER,Sebring Limited,2400,SALOON,4WD,,Petrol,2010
CHRYSLER,Town and Country LX New,3800,SALOON,4WD,,Petrol,2016
CHRYSLER,Town and Country Touring,3800,SALOON,4WD,,Petrol,2016
CHRYSLER,Town annd Country touring plus,3800,SALOON,4WD,,Petrol,2016
CHRYSLER,Town and Touring watter p Chrysler signature series,3800,SALOON,4WD,,Petrol,2016
CHRYSLER,Sebring convertible Lx ,2400,Coupe,4WD,,Petrol,2010
CHRYSLER,Sebring convertible touring,2700,Coupe,4WD,,Petrol,2010
CHRYSLER,Sebring convertible LTD,3500,Coupe,4WD,,Petrol,2010
CHRYSLER,Sebring convertible,2400,Coupe,4WD,,Petrol,2010
CHRYSLER,200 Touring,2400,SALOON,4WD,,Petrol,2017
CHRYSLER,200.00,2700,SALOON,4WD,,Petrol,2017
CITROEN,Citroen relay,2200,VAN,2WD,,Diesel,Unknown
CITROEN,Berlingo,1400,VAN,2WD,,Petrol,2018
CITROEN,Xsara,1600,SALOON,2WD,,Petrol,2004
CITROEN,Xantia,1800,SALOON,2WD,,Petrol,2001
DACIA,Duster Luaurate dci 110 Manual,1500,S/WAGON,4x2,,Petrol,Unknown
DAIHATSU,Bego,1500,S/WAGON,4WD,,Petrol,2017
DAIHATSU,Bego,1500,S/WAGON,2WD,,Petrol,2017
DAIHATSU,Boon,1000,HATCHBACK,2WD,,Petrol,2010
DAIHATSU,Coo,1500,S/WAGON,2WD,,Petrol,2009
DAIHATSU,Mira 2WD,660,HATCHBACK,2WD,,Petrol,2018
DAIHATSU,Mira 4WD,660,HATCHBACK,4WD,,Petrol,2018
DAIHATSU,Move,650,HATCHBACK,2WD,,Petrol,2014
DAIHATSU,HIJET,650,VAN,2WD,,Petrol,Unknown
DAIHATSU,Terios DX Manual,1500,S/WAGON,4WD,,Petrol,2012
DAIHATSU,Terios DX Manual (with air con),1500,S/WAGON,4WD,,Petrol,2012
DAIHATSU,Terios SX Fully Loaded Manual,1500,S/WAGON,4WD,,Petrol,2012
DAIHATSU,Terios Automatic EFI Fully Loaded SX/AT,1500,S/WAGON,4WD,,Petrol,2012
DAIHATSU,YRV,1290,S/WAGON,4WD,,Petrol,2005
DAIHATSU,Rocky,2800,S/WAGON,4WD,,Diesel,2002
DAIHATSU,Feroza,1600,S/WAGON,4WD,,Diesel,1998
DAEWOO,CIELO GL-A,1500,SALOON,2WD,,Petrol,1997
DAEWOO,CIELO GLX,1500,SALOON,2WD,,Petrol,1997
DAEWOO,Matiz s,1500,SALOON,2WD,,Petrol,2000
DAEWOO,Lanos s,1500,SALOON,2WD,,Petrol,2002
DAEWOO,Lanos SE,1600,SALOON,2WD,,Petrol,2002
DAEWOO,Lanos SX,1600,SALOON,2WD,,Petrol,2002
DAEWOO,Nubira SE,1600,SALOON,2WD,,Petrol,2002
DAEWOO,Nubira SX,1600,SALOON,2WD,,Petrol,2002
DAEWOO,Nubira CDX,1600,SALOON,2WD,,Petrol,2002
DAEWOO,Espero CD,2000,SALOON,2WD,,Petrol,1997
DAEWOO,Leganza CDZ,2000,SALOON,2WD,,Petrol,2002
DODGE,NITRO SXT CRD,2800,S/WAGON,4WD,,Diesel,2011
DODGE,Journey 2.4L,2400,S/WAGON,4WD,,Petrol,2020
DODGE,Journey 3.2L,3200,S/WAGON,4WD,,Petrol,2020
DODGE,Caliber sxt ,2000,S/WAGON,4WD,,,2012
EICHER,EICHER 10.50,3300,TRK,4X2,,Diesel,Unknown
EICHER,EICHER 10.75 TURBO,3300,TRK,4X2,,Diesel,Unknown
EICHER,EICHER 10.75 TURBO ALUMINIUM BODY,3300,TRK,4X2,,Diesel,Unknown
EICHER,EICHER TERRA 25 WITH HYVA BODY,183.3HP,TIPPER,6X4,,Diesel,Unknown
EICHER,EICHER PRO 6025,230HP,TIPPER,6X4,,Diesel,Unknown
EICHER,EICHER TERRA 16,,TIPPER,6X4,,Diesel,Unknown
EICHER,EICHER SKYLINE,3300,BUS,4X2,,Diesel,Unknown
EICHER,EICHER CBU SEMI LUX,,BUS,4X2,33,Diesel,Unknown
EICHER,EICHER 10.75 COWL,,BUS,4X2,33,Diesel,Unknown
EICHER,EICHER 10.75 SEMI LUX,,BUS,4X2,33,Diesel,Unknown
EICHER,EICHER 10.75 DELUXE,,BUS,4X2,33,Diesel,Unknown
EICHER,EICHER 11.12 COWL,,BUS,4X2,40,Diesel,Unknown
EICHER,EICHER 11.12 SEMI LUX,,BUS,4X2,40,Diesel,Unknown
EICHER,EICHER 11.12 DELUXE,,BUS,4X2,40,Diesel,Unknown
EICHER,EICHER 20.15 COWL,,BUS,4X3,40,Diesel,Unknown
EICHER,EICHER 20.15 SEMI LUX,,BUS,4X4,40,Diesel,Unknown
EICHER,EICHER 20.15 DELUXE,,BUS,4X5,40,Diesel,Unknown
FAW,CA3312P2K2 HLQ,7700,TRK,8X4,,,Unknown
FAW,CA3252P2K2 J5P,8600,TRK,6X4,,,Unknown
FAW,CA3310P6,8600,TRK,8X4,,,Unknown
FAW,CA3120PK,7100,TRK,4X2,,,Unknown
FAW,CA6371,1100,VAN,4X2,,,Unknown
FAW,CA1024V MINI,970,S/CAB,4X2,,,Unknown
FAW,CA1021 DJA ADMIRAL,970,S/CAB,4X2,,,Unknown
FAW,CA1021 DJA ADMIRAL,2237,DOUBLE  CAB,4*2,,,Unknown
FAW,BQ2023 GRAND TIGER,2237,DOUBLE  CAB,4*4,,,Unknown
FAW,CA1223,,TRK,6*4,,,Unknown
FAW,CA3250,8000,TIPPER,6*4,,,Unknown
FAW,CA3320,9726,TIPPER,6*4,,,Unknown
FAW,CA3223,6557,TIPPER,6*4,,,Unknown
FAW,CA1041K2L2Y,3168,TRK,6*4,,,Unknown
FAW,CA1075 CHASSIS ONLY,,TRK,4*2,,,Unknown
FAW,CA1081 FAW FIGHTER CHASSIS ONLY,,TRK,4*2,,,Unknown
FAW,CA1170,,TRK,6*2,,,Unknown
FAW,CA1320 CEMENT MIXER J5P,,MIXER,6*4,,,Unknown
FAW,CA1311,240HP,TRK,8*4,,,Unknown
FAW,CA1311,280HP,TRK,8*4,,,Unknown
FAW,CA1083 TANKER,140HP,TRK,4*2,,,Unknown
FAW,CA1074 FBU,3857,BUS,4X2,,,Unknown
FAW,CA1074 CHASSIS CAB,3857,BUS,4X2,,,Unknown
FAW,CA6680,6842,BUS,4X2,54,,Unknown
FAW,CA1044,,BUS,,22,,Unknown
FAW,CA1081,,BUS,4X2,40-43,,Unknown
FAW,CA1083,,BUS,4X2,29-33,,Unknown
FAW,XQ6751TQ2 LUXURY BUS,,BUS,4X2,29,,Unknown
FAW,XQ6100MH2 LUXURY BUS,,BUS,4X2,45,,Unknown
FAW,CA6413 SIRUS,,SAL,2WD,,,Unknown
FAW,CA1170,,TRK,6X2,,,Unknown
FAW,CA1223 LONG CHASSIS,,TRK,6X4,,,Unknown
FAW,CA1311,280HP,TRK,8X4,,,Unknown
FAW,CA1128,,TIPPER,4X2,,,Unknown
FAW,CA3223,230HP,TIPPER,6X4,,,Unknown
FAW,CA3075,130HP,TIPPER,4X2,,,Unknown
FAW,CA3120,170HP,TIPPER,4X2,,,Unknown
FAW,CA3320,290HP,TIPPER,6X4,,,Unknown
FAW,CA4258 J5,420HP,PM,6X4,,,Unknown
FAW,CA4250 J6,420HP,PM,6X4,,,Unknown
FAW,CA4322P2K15TIA82,380HP,PM,6*4,,,Unknown
FAW,CA4161,280HP,PM,6*4,,,Unknown
FAW,CA4080,,TRK,4X2,,,Unknown
FAW,CA1120 SWB,,TRK,4X2,,,Unknown
FAW,CA1120 LWB,,TRK,4X2,,,Unknown
FAW,CA1150 LWB,,TRK,4X2,,,Unknown
FAW,CA5150 CEMENT MIXER 3.5M,,TRK,4X2,,,Unknown
FAW,CA5250 CEMENT MIXER 8 CBM,,TRK,6X4,,,Unknown
FAW,CA 2160 FIGHTER,,TRK,4X4,,,Unknown
FERRARI,599 GTB Fiorano 65DEG V12-366.08 CI,5999,COUPE,4WD,,Petrol,2012
FERRARI,458 ITALIA 90DEG V8-274.5 CI 7SP MANUAL,4499,COUPE,4WD,2,Petrol,2015
FERRARI,CALIFORNIA 90DEG V8-262.22 CI 7SP MANUAL GTI CONVERTIBLE,4297,COUPE,4WD,4,Petrol,2014
FERRARI,612 SCAGLIETTI V12 6SP AUTO,5700,COUPE,4WD,4,Petrol,2011
FIAT,Palio ED,1246,HATCHBACK,2WD,,Petrol,2001
FIAT,Siena EL,1246,SALOON,2WD,,Petrol,2001
FIAT,Siena EL,1600,SALOON,2WD,,Petrol,2001
FIAT,Siena ELX,1600,SALOON,2WD,,Petrol,2001
FIAT,Weekend ELX,1600,S/WAGON,2WD,,Petrol,2001
FIAT,Ducato Manual,2300,VAN,2WD,,Diesel,2006
FORD,Bantam 1.3,1300,SCAB,2WD,,Petrol,2011
FORD,Bantam 1.6i,1597,SCAB,2WD,,Petrol,2011
FORD,Bantam 1.8,1753,SCAB,2WD,,Diesel,2011
FORD,Courier,1800,SCAB,4WD,,Diesel,2013
FORD,Ecosport Trend,1500,S/WAGON,2WD,,Diesel,2022
FORD,Ecosport Titanium,1500,S/WAGON,2WD,,Diesel,2022
FORD,Everest 2.2 XLS,2200,S/WAGON,4WD,,Diesel,Unknown
FORD,Everest 2.2 XLT,2200,S/WAGON,4WD,,Diesel,Unknown
FORD,Everest 3.2 XLT,3200,S/WAGON,4WD,,Diesel,Unknown
FORD,Everest 3.2 LTD,3200,S/WAGON,4WD,,Diesel,Unknown
FORD,Everest 3.2 LTD TITANIUM,3200,S/WAGON,4WD,,Diesel,Unknown
FORD,Mustang Coupe AT,2300,S/WAGON,4WD,,Diesel,Unknown
FORD,Mustang Coupe GT COUPE,5000,S/WAGON,4WD,,Diesel,Unknown
FORD,Everest 2.5 TDI,2500,S/WAGON,4WD,7,Diesel,2015
FORD,Everest 3.0 TDI,3000,S/WAGON,4WD,7,Diesel,2015
FORD,Escape XLT 3.0L  4X4,3000,S/WAGON,4WD,,Petrol,2007
FORD,Escape ZC 4WD,2260,S/WAGON,4WD,,Petrol,2012
FORD,Figo MT,1400,S/WAGON,2WD,,Petrol,2019
FORD,Figo TREND,1500,S/WAGON,2WD,,Petrol,2019
FORD,Focus 1.6,1600,SALOON,2WD,,Petrol,2018
FORD,Focus 1.6L EFI,1600,HATCHBACK,2WD,,Petrol,2011
FORD,Focus Trend,1600,HATCHBACK,2WD,,Petrol,2018
FORD,Focus Titanium/MONDEO/FIESTA,1600,HATCHBACK,2WD,,Petrol,2018
FORD,Focus Titanium/MONDEO/FIESTA,1600,HATCHBACK,2WD,,Diesel,2018
FORD,Focus,2521,HATCHBACK,2WD,,Petrol,2018
FORD,Ford Fusion Trend 1.5 SE,1500,HATCHBACK,2WD,,Petrol,2020
FORD,Ford Fusion Titan 1.5L,1500,HATCHBACK,2WD,,Petrol,2020
FORD,F250 D/C XLT,4200,DOUBLE  CAB,4WD,,Diesel,Unknown
FORD,F250 S/C XL,4200,SCAB,2WD,,Diesel,Unknown
FORD,KUGA,2500,S/WAGON,AWD,,Petrol,2012
FORD,Kuga Ecoboost,1600,S/WAGON,AWD,,Petrol,2023
FORD,Kuga Ecoboost (Panaromic roof),1600,S/WAGON,AWD,,Petrol,2023
FORD,Mondeo TDCI,2200,HATCHBACK,4WD,,Diesel,2022
FORD,Ranger SC T6,2200,SCAB,4x2,,Diesel,2019
FORD,Ranger SC T6 - BASE,2200,SCAB,4x2,,Diesel,2019
FORD,Ranger SC T6 - SAFETY PACK,2200,SCAB,4x2,,Diesel,2019
FORD,Ranger SC T6 M/T,2200,SCAB,4X4,,Diesel,2019
FORD,Ranger DC T6 M/T,2200,DOUBLE  CAB,4X4,,Diesel,2019
FORD,Ranger DC T6 - SAFETY PACK,2200,DOUBLE  CAB,4X4,,Diesel,2019
FORD,Ranger RAP CAB - XLT,2200,DOUBLE  CAB,4X4,,Diesel,2019
FORD,Ranger DC T6 - XLT,2200,DOUBLE  CAB,4X4,,Diesel,2019
FORD,Ranger DC T6 - XLT MT,3200,DOUBLE  CAB,4X4,,Diesel,2019
FORD,Ranger DC T6 - XLT AT,3200,DOUBLE  CAB,4X4,,Diesel,2019
FORD,Ranger DC T6 - PUMA XLT,2200,DOUBLE  CAB,4X4,,Diesel,2019
FORD,Ranger RUN OUT,2200,DOUBLE  CAB,4X2,,Diesel,2019
FORD,Ranger BASE  RUN OUT,2200,DOUBLE  CAB,4X4,,Diesel,2019
FORD,Ranger J97,2500,DOUBLE  CAB,4x2,,Diesel,2006
FORD,Ranger J97,2500,SCAB,4x4,,Diesel,2006
FORD,Ranger (NM),2499,SCAB,4x4,,Diesel,2006
FORD,Ranger (LWB XL),2892,SCAB,4x4,,Diesel,2006
FORD,Ranger deluxe,2892,SCAB,4x4,,Diesel,2006
FORD,Ranger Base LWB,2892,SCAB,4x4,,Diesel,2006
FORD,Ranger XL UKBB MT TD,2200,DOUBLE  CAB,4X4,,Diesel,2011
FORD,Ranger HI-RIDER XLT UKBE MT TD,2200,DOUBLE  CAB,4x2,,Diesel,2011
FORD,Ranger XL UKBB AT TD,3200,DOUBLE  CAB,4x4,,Diesel,2011
FORD,Ranger XLT  UKBE MT TD,3200,DOUBLE  CAB,4x4,,Diesel,2011
FORD,Ranger LTD UKBX AT TD,3200,DOUBLE  CAB,4x4,,Diesel,2011
FORD,Ranger T6 XLT,3200,DOUBLE  CAB,4x4,,Diesel,2019
FORD,Ranger T6 XLT LTD,3200,DOUBLE  CAB,4x4,,Diesel,2019
FORD,WILDTRACK,3200,DOUBLE  CAB,4x4,,Diesel,2019
FORD,Ranger Ambulance 1 TON LWB,2500,VAN,4x4,,Diesel,2011
FORD,Territory,4000,S/WAGON,4WD,,Petrol,2016
FORD,Territory,4200,S/WAGON,4WD,,Petrol,2016
FORD,Transit Custom,2000,VAN,2WD,,Petrol,Unknown
FORD,Transit Custom (Top),2000,VAN,2WD,,Petrol,Unknown
FORD,Telestar,1300,S/WAGON,4WD,,Petrol,1994
FOTON,SUP V BJ1027-8R,2237,SCAB,,,Diesel,Unknown
FOTON,SUP V BJ1027-8R,2237,DOUBLE  CAB,,,Diesel,Unknown
FOTON,CONQUEROR BJ2027-8R,2237,DOUBLE  CAB,,,Diesel,Unknown
FOTON,VIEW M/B BJ3536-3R,2700,MBUS,,,Diesel,Unknown
FOTON,AUMARK 4T CC BJ1049,2776,TRK,4x2,,Diesel,Unknown
FOTON,AUMARK 4T CC BUS BJ1049,2776,BUS,4x2,,Diesel,Unknown
FOTON,AUMARK 7T CC BJ1089,3760,TRK,4x2,,Diesel,Unknown
FOTON,AUMARK 7T CC BUS BJ1089,3760,BUS,4x2,,Diesel,Unknown
FOTON,OLLIN 4T CC BJ1041,4000,TRK,4x2,,Diesel,Unknown
FOTON,OLLIN 4T CC BUS BJ1041,4000,BUS,4x2,,Diesel,Unknown
FOTON,OLLIN 5T CC BJ1069,4080,TRK,4x2,,Diesel,Unknown
FOTON,OLLIN 5T CC BUS BJ1069,4080,BUS,4x2,,Diesel,Unknown
FOTON,AUMAN 10T CC BJ1133,5990,TRK,4x2,,Diesel,Unknown
FOTON,AUMAN 10T CC BUS BJ1133,5990,BUS,4x2,,Diesel,Unknown
FOTON,AUMAN TIPPER BJ3253,9276,TIPPER,4x2,,Diesel,Unknown
FOTON,AUMAN TIPPER CHASSIS BJ4254,9276,TIPPER,4x2,,Diesel,Unknown
FOTON,AUMAN PRIME MOVER BJ4253-RA,11596,PM,,,Diesel,Unknown
FOTON,AUMAN PRIME MOVER BJ4253-R,11596,PM,,,Diesel,Unknown
FOTON,TRASH TRUCK,,TRK,,,Diesel,Unknown
FOTON,AUV BUS 6920 COMFORT 47 SEATER 2+ BJ6920-R,155KW,BUS,,,Diesel,Unknown
FOTON,AUV BUS 6103 COMFORT 57 SEATER 2+ BJ6103-R,177KW,BUS,,,Diesel,Unknown
FOTON,AUV BUS 6103 DELUXE 45 SEATER 2+ BJ6103-R,177KW,BUS,,,Diesel,Unknown
GREATWALL,WINGLE 3 4*2 CC1021PD13,2200,SINGLE CAB,2WD,,Petrol,Unknown
GREATWALL,WINGLE 5 4*2 CC1021PD58,2500,SINGLE CAB,2WD,,Diesel,Unknown
GREATWALL,WINGLE 5 4*4  CC1021 PD78,2500,SINGLE CAB,4WD,,Diesel,Unknown
GREATWALL,WINGLE 5 4*4 CC1021 PS78,2500,DOUBLE  CAB,4WD,,Diesel,Unknown
GREATWALL,WINGLE 5 4*4 CC1021 PD78,2500,DOUBLE  CAB,4WD,,Diesel,Unknown
GREATWALL,WINGLE 5  CC1031,2400,SINGLE CAB,2WD,,Petrol,Unknown
GREATWALL,WINGLE 5  CC1031,2400,DOUBLE  CAB,2WD,,Petrol,Unknown
GREATWALL,HAVAL H5 STD 4*2 CC6461KM19 MANUAL,2400,ESTATE,2WD,,Petrol,Unknown
GREATWALL,HAVAL H5 STD 4*4 CC6461KM39 MANUAL,2400,ESTATE,4WD,,Petrol,Unknown
GREATWALL,HAVAL H5 LUX 4*4 CC6461KM39 AUTO,2400,ESTATE,4WD,,Petrol,Unknown
GREATWALL,HAVAL H5 LUX 4*4 CC6461KM78 AUTO,2500,ESTATE,4WD,,Diesel,Unknown
HINO,FY700,13000,TRK,6X2,,Diesel,Unknown
HINO,FY2 PULA,10521,TRK,6X2,,Diesel,Unknown
HINO,300 Dutro 110,4009,TRK,4X2,,Diesel,Unknown
HINO,300 Dutro 130,4009,TRK,4X2,,Diesel,Unknown
HINO,300 Dutro 130 MIXER,4009,TRK MIXER,4X2,,Diesel,Unknown
HINO,300 Dutro 4X4 TDI,4009,TRK,4X4,,Diesel,Unknown
HINO,DUTRO MICRO BUS 110,4009,BUS,4X2,<20,Diesel,Unknown
HINO,DUTRO MICRO BUS 130,4009,BUS,4X2,<20,Diesel,Unknown
HINO,FB130 BUS,4009,BUS,4X2,<20,Diesel,Unknown
HINO,Hino FC 500 LWB 1017 Cab and chassis,6634,TRK,4X2,,Diesel,Unknown
HINO,Hino FC 500 LWB 1017 with body.,6634,TRK,4X2,,Diesel,Unknown
HINO,Hino FC 500 LWB 1017 with body.,6634,BUS,4X2,,Diesel,Unknown
HINO,Hino GT 500 LWB 1017 Cab and chassis,7962,TRK,4X2,,Diesel,Unknown
HINO,Hino 300 Series Cab and Chassis- 6 speed,4006,TRK,4x2,,Diesel,Unknown
HINO,Hino 300 Series with body-6 speed,4006,TRK,4x2,,Diesel,Unknown
HINO,Hino 300 Series- 6speed,4006,BUS,4x2,29,Diesel,Unknown
HINO,Hino 300 Series - 5speed Cab and Chassis,4006,TRK,4x2,,Diesel,Unknown
HINO,Hino 300 Series Ninja - 5speed with body,4006,TRK,4x2,,Diesel,Unknown
HINO,Hino 300 Series Ninja - 5speed with body,4006,BUS,4x2,,Diesel,Unknown
HINO,A215 BUS,7684,BUS,4X2,30-50,Diesel,Unknown
HINO,R235 BUS,7684,BUS,4X2,30-50,Diesel,Unknown
HINO,R260 BUS,7684,BUS,4X2,30-50,Diesel,Unknown
HINO,CNG CHASSIS,7961,BUS,4X2,>50,Diesel,Unknown
HINO,500 RANGER FG 235,7684,TRK,4X2,,Diesel,Unknown
HINO,500 RANGER FG 260,7684,TRK,4X2,,Diesel,Unknown
HINO,500 RANGER FG 215,7684,TRK,4X2,,Diesel,Unknown
HINO,500 RANGER FL 235,7684,TRK,6X2,,Diesel,Unknown
HINO,500 RANGER FL 260,7684,TRK,6X2,,Diesel,Unknown
HINO,500 RANGER FM 260,10520,TRK,6X4,,Diesel,Unknown
HINO,500 RANGER FM 320,7684,TRK,6X4,,Diesel,Unknown
HINO,500 RANGER SG260,7684,PM,6X4,,Diesel,Unknown
HINO,500 RANGER FM 320P,10520,PM,6X4,,Diesel,Unknown
HINO,HINO 700 SERIES 3241,13000,PM,8X4,,Diesel,Unknown
HINO,500 RANGER FC6JKW,4720CC,TRK,4X2,,Diesel,Unknown
HINO,Hino FC 500 LWB 1017 Cab and chassis,6634,TRK,4X2,,Diesel,Unknown
HINO,Hino FC 500 LWB 1017 with body.,6634,TRK,4X2,,Diesel,Unknown
HINO,Hino FC 500 LWB 1017 with body.,6634,BUS,4X2,,Diesel,Unknown
HINO,Hino GT 500 LWB 1017 Cab and chassis,7962,TRK,4X2,,Diesel,Unknown
HINO,Hino 300 Series Cab and Chassis- 6 speed,4006,TRK,4x2,,Diesel,Unknown
HINO,Hino 300 Series with body-6 speed,4006,TRK,4x2,,Diesel,Unknown
HINO,Hino 300 Series- 6speed,4006,BUS,4x2,29,Diesel,Unknown
HINO,Hino 300 Series - 5speed Cab and Chassis,4006,TRK,4x2,,Diesel,Unknown
HINO,Hino 300 Series Ninja - 5speed with body,4006,TRK,4x2,,Diesel,Unknown
HINO,Hino 300 Series Ninja - 5speed with body,4006,BUS,4x2,,Diesel,Unknown
HONDA,ACCORD ELEGANCE AUTO,2000,COUPE,2WD,,Petrol,2017
HONDA,ACCORD EXCUTIVE AT,2400,COUPE,2WD,,Petrol,2017
HONDA,ACCORD EX- L NAVI V6,3500,COUPE,2WD,,Petrol,2017
HONDA,ACCORD CROSSTOUR EX-L,3500,S/WAGON,2WD,,Petrol,2015
HONDA,ACCORD SE,2400,SALOON,2WD,,Petrol,2017
HONDA,ACCORD EX,2400,SALOON,2WD,,Petrol,2017
HONDA,ACCORD EX-V6,3500,SALOON,2WD,,Petrol,2017
HONDA,AIRWAVE,1500,S/WAGON,2WD,,Petrol,2009
HONDA,ACTY,650,VAN,2WD,,Petrol,Unknown
HONDA,BALLADE - ELEGANCE,1500,SALOON,2WD,,Petrol,1987
HONDA,BRIO AT,1200,SALOON,2WD,,Petrol,Unknown
HONDA,BRIO AMAZE,1500,SALOON,2WD,,Petrol,Unknown
HONDA,BRV,1500,S/WAGON,,,Petrol,Unknown
HONDA,CIVIC-EXECUTIVE,1500,S/WAGON,2WD,,Petrol,2005
HONDA,CIVIC-COMFORT,1600,S/WAGON,4WD,,Petrol,2005
HONDA,CIVIC DX,1800,SALOON,2WD,,Petrol,2011
HONDA,CIVIC LX,1800,SALOON,2WD,,Petrol,2011
HONDA,CIVIC EX,1800,SALOON,2WD,,Petrol,2011
HONDA,CIVIC SI,2400,SALOON,2WD,,Petrol,2011
HONDA,CIVIC LX,1800,COUPE,2WD,,Petrol,2011
HONDA,CIVIC EX,1800,COUPE,2WD,,Petrol,2011
HONDA,CIVIC SI,2400,COUPE,2WD,,Petrol,2011
HONDA,CIVIC HYBRID,1300,S/WAGON,2WD,,Petrol,2011
HONDA,CROSSROAD,2000,S/WAGON,2WD,,Petrol,2007
HONDA,HONDA CRF 1000D,998,S/WAGON,2WD,,Petrol,Unknown
HONDA,CRV 2.0 COMFORT,2000,S/WAGON,2WD,,Petrol,2006
HONDA,CRV 2.0 ELEGANCE,2000,S/WAGON,4WD,,Petrol,2006
HONDA,CRV 2.0 RD K20,2000,S/WAGON,2WD,,Petrol,2006
HONDA,CRV 2.2 RD,2200,S/WAGON,4WD,,Diesel,2006
HONDA,CRV 2.4 RD,2400,S/WAGON,2WD,,Petrol,2006
HONDA,CRV 2.0 R20 RE,2000,S/WAGON,2WD,,Petrol,2012
HONDA,CRV 2.2 TD N22A RE,2200,S/WAGON,2WD,,Diesel,2012
HONDA,CRV 2.4 K24Z RE,2400,S/WAGON,4WD,,Petrol,2012
HONDA,CRV 2.0 R20A RM,2000,S/WAGON,4WD,,Petrol,2017
HONDA,CRV 2.4 K24Z RM,2400,S/WAGON,4WD,,Petrol,2017
HONDA,CR-Z,1500,COUPE,4WD,,Petrol,2016
HONDA,ELEMENT LX 2WD,2400,S/WAGON,2WD,,Petrol,2011
HONDA,ELEMENT SC 2WD,2400,S/WAGON,2WD,,Petrol,2011
HONDA,ELEMENT EX 4WD,2400,S/WAGON,4WD,,Petrol,2011
HONDA,FIT MT,1330,HATCHBACK,2wd,,Petrol,2008
HONDA,FIT AT,1330,HATCHBACK,2wd,,Petrol,2008
HONDA,FIT AT,1330,HATCHBACK,4WD,,Petrol,2008
HONDA,FIT MT,1500,HATCHBACK,2WD,,Petrol,2014
HONDA,FIT AT,1500,HATCHBACK,2wd,,Petrol,2014
HONDA,FIT MT,1500,HATCHBACK,4WD,,Petrol,2014
HONDA,FIT SHUTTLE,1500,SW,2WD,,Petrol,2014
HONDA,JAZZ - ELEGANCE,1500,HATCHBACK,2WD,,Petrol,2008
HONDA,FREED/spike,1500,S/WAGON,2WD,,Petrol,Unknown
HONDA,HRV,1800,S/WAGON,2wd,,Petrol,2006
HONDA,INSIGHT,1300,HATCHBACK,2wd,,Petrol,2014
HONDA,INSPIRE,3500,SALOON,2WD,,Petrol,2012
HONDA,Life,650,S/WAGON,2WD,,Petrol,Unknown
HONDA,Mobilio,1500,S/WAGON,2WD,,Petrol,Unknown
HONDA,ODYSSEY LX,2400,S/WAGON,4WD,,Petrol,2017
HONDA,ODYSSEY LX,3500,S/WAGON,4WD,,Petrol,2017
HONDA,ODYSSEY EX,3500,S/WAGON,4WD,,Petrol,2017
HONDA,PILOT LX,3500,S/WAGON,4WD,,Petrol,2015
HONDA,PILOT EX,3500,S/WAGON,4WD,,Petrol,2015
HONDA,Partner,1340,HATCHBACK,2WD,,Petrol,2009
HONDA,RIDGELINE DX,3500,D/C,4WD,,Diesel,2014
HONDA,RIDGELINE VP,3500,D/C,4WD,,Diesel,2014
HONDA,RIDGELINE EX-L,3500,D/C,4WD,,Diesel,2014
HONDA,STREAM,1800,S/WAGON,2WD,,Petrol,2014
HONDA,STREAM,2000,S/WAGON,2WD,,Petrol,2014
HONDA,STREAM,1800,S/WAGON,4WD,,Petrol,2014
HONDA,STREAM,2000,S/WAGON,4WD,,Petrol,2014
HONDA,STEPWAGON,2000,S/WAGON,2WD,,Petrol,Unknown
HONDA,STEPWAGON,2000,S/WAGON,4WD,,Petrol,Unknown
HONDA,ZEST,660,S/WAGON,2WD,,Petrol,Unknown
HUMMER,H3 M/T,3700,S/WAGON,4WD,,Petrol,2010
HUMMER,H3 A/T,3700,S/WAGON,4WD,,Petrol,2010
HYUNDAI,Accent 1.5GL MT,1400,SALOON,2WD,,Petrol,2006
HYUNDAI,Accent 1.5GL AT,1500,SALOON,2WD,,Petrol,2006
HYUNDAI,Accent 1.6GL MT,1600,SALOON,2WD,,Petrol,2006
HYUNDAI,Accent 1.6GL AT,1600,SALOON,2WD,,Petrol,2006
HYUNDAI,Accent 1.6 PREMIUM,1600,SALOON,2WD,,Petrol,2006
HYUNDAI,Atos F LS AC 1.0,1000,SALOON,2WD,,Petrol,2004
HYUNDAI,Elantra GL MT,1800,S/WAGON,2WD,,Petrol,2006
HYUNDAI,Elantra GL AT,1800,S/WAGON,2WD,,Petrol,2006
HYUNDAI,Elantra GLS AT,2600,S/WAGON,2WD,,Petrol,2006
HYUNDAI,H-1 6 SEATER,2600,M/BUS,2WD,,Diesel,2007
HYUNDAI,H-1 9 SEATER GL MT,2600,M/BUS,2WD,,Diesel,2007
HYUNDAI,H-1 9 SEATER GL AT,2600,M/BUS,2WD,,Diesel,2007
HYUNDAI,H-1 12 SEATER GLS AT,2500,M/BUS,2WD,,Diesel,2007
HYUNDAI,H-1 LIIMOUSINE PREMIUM,2500,M/BUS,2WD,,Diesel,2007
HYUNDAI,H-100 CHASSIS GL MT,2600,P/UP,2WD,,Diesel,2007
HYUNDAI,H-100 SIDE DECK GL MT,2700,VAN,2WD,,Diesel,2007
HYUNDAI,H-100 CIT MINI TRUCK TDI CHASSIS,2400,Truck,2WD,,Diesel,2007
HYUNDAI,SANTA FE 4WD GL MANUAL,2400,S/WAGON,4WD,7,Petrol,2006
HYUNDAI,SANTA FE 4WD GL AUTO,2400,S/WAGON,4WD,7,Petrol,2006
HYUNDAI,SANTA FE 4WD GLS AUTO,2400,S/WAGON,4WD,7,Petrol,2006
HYUNDAI,SANTA FE 4WD PREMIUM,2400,S/WAGON,4WD,7,Petrol,2006
HYUNDAI,TUCSON,2000,S/WAGON,2WD,5,Petrol,2009
HYUNDAI,TUCSON,2000,S/WAGON,4WD,5,Petrol,2009
HYUNDAI,TUCSON,2400,S/WAGON,4WD,5,Petrol,2009
HYUNDAI,IX35,2000,S/WAGON,4WD,,Petrol,2015
HYUNDAI,Sonata GL AT,2000,S/WAGON,2WD,,Petrol,2010
HYUNDAI,Sonata GLS AT,2000,S/WAGON,2WD,,Petrol,2010
HYUNDAI,Sonata PREMIUM,2400,S/WAGON,2WD,,Petrol,2010
HYUNDAI,TERRACAN CDRI GL,2900,S/WAGON,2WD,,Diesel,2007
HYUNDAI,Trajet,2000,S/WAGON,2WD,,Petrol,2007
INFINITY,FX30D,2993,S/WAGON,AWD,,Diesel,2017
ISUZU,FRR 33L- CAB BUS LUXURY,8226,BUS,2WD,36,Diesel,Unknown
ISUZU,FRR 33L- CAB BUS SEMI LUXURY,8226,BUS,2WD,51,Diesel,Unknown
ISUZU,FRR 41 SEATER - LUXURY (SSA 1),8226,BUS,2WD,41,Diesel,Unknown
ISUZU,FSR 33H BUS CHASSIS,8226,BUS,2WD,,Diesel,Unknown
ISUZU,FSR 33H(LONG WHEEL BASE),8226,BUS,2WD,,Diesel,Unknown
ISUZU,Journey bus KK-SBVW41,4160,BUS,4x2,,Diesel,Unknown
ISUZU,MV 123 LWB,9839,BUS,4x2,67,Diesel,Unknown
ISUZU,MV 123 LWB BUS LUXURY,9839,BUS,4x2,48,Diesel,Unknown
ISUZU,MV 123 SWB,9839,BUS,4x2,62,Diesel,Unknown
ISUZU,MV 123 SWB BUS LUXURY,9839,BUS,4x2,44,Diesel,Unknown
ISUZU,NKR 66L SEMI-LUXURY,4334,BUS,2WD,26,Diesel,Unknown
ISUZU,NPR 66P,4334,BUS,2WD,29,Diesel,Unknown
ISUZU,NQR 28 Seater Bus Luxury (SSA 1),4334,BUS,2WD,28,Diesel,Unknown
ISUZU,NQR Bus Cruiser,4334,BUS,2WD,37,Diesel,Unknown
ISUZU,NQR 33 Seater Bus Semi Luxury,4334,BUS,2WD,33,Diesel,Unknown
ISUZU,NQR 66R COWL CAB BUS ONLY(0 RATED),4334,BUS,2WD,,Diesel,Unknown
ISUZU,FTS 33F,8226,TRK,4WD,,Diesel,Unknown
ISUZU,Damax-TFS 85 AUTO,3000,DOUBLE  CAB,4WD,,DIESEL,Unknown
ISUZU,Dmax-TFR 86 HR,2500,DOUBLE  CAB,2WD,,DIESEL,Unknown
ISUZU,Dmax-TFR 86 HR with carry body/cover,2500,DOUBLE  CAB,2WD,,DIESEL,Unknown
ISUZU,Dmax-TFS 85 MANUAL,3000,DOUBLE  CAB,4WD,,DIESEL,Unknown
ISUZU,Dmax-TFS 86 DELUX with carry body/cover,2500,DOUBLE  CAB,4WD,,DIESEL,Unknown
ISUZU,KB300 DC,2999,DOUBLE  CAB,2WD,,Diesel,2012
ISUZU,RODEO,2500,DOUBLE  CAB,4WD,,Diesel,2004
ISUZU,TFS 54 I-190 4X4 D/C,2500,DOUBLE  CAB,4x4,,Diesel,Unknown
ISUZU,TFS 54 I-190 4X4 D/C ACCESSORIZED,2500,DOUBLE  CAB,4x4,,Diesel,Unknown
ISUZU,TFS 77 D/C,2999,DOUBLE  CAB,4WD,,Diesel,Unknown
ISUZU,TFS 85 I-190 4X4 with carry body/cover,3000,DOUBLE  CAB,4WD,,DIESEL,Unknown
ISUZU,TX,5788,TRK,2WD,,Diesel,Unknown
ISUZU,EXZ 51,14256,PM,6X4,,Diesel,Unknown
ISUZU,PRIME MOVER,15600,PM,4WD,,Diesel,Unknown
ISUZU,TFR 30,2198,PU,2WD,,Petrol,Unknown
ISUZU,CRUZE,1800,SALOON,2WD,5,Petrol,2016
ISUZU,Dmax-TFR 86,2500,SCAB,2WD,,DIESEL,Unknown
ISUZU,Dmax-TFS 85 I-190 4X4 S/C,3000,SCAB,4WD,,DIESEL,Unknown
ISUZU,Dmax-TFS 86,2500,SCAB,4WD,,DIESEL,Unknown
ISUZU,KB250 SC/TFR 54H,2500,SCAB,2WD,,Diesel,2012
ISUZU,TFR 32 S/C I-190 4X2,2400,SCAB,4x2,,Petrol,Unknown
ISUZU,TFR 54 S/C I-190 4X2,2400,SCAB,4x2,,Diesel,Unknown
ISUZU,TFS 77 S/C,2999,SCAB,2WD,,Diesel,Unknown
ISUZU,TRAILBLAZER,2800,S/WAGON,4WD,7,Diesel,Unknown
ISUZU,BIGHORN/WIZARD/RODEO,2990,S/WAGON,4WD,,Diesel,1998
ISUZU,Trooper,3165,S/WAGON,4WD,,Petrol,2002
ISUZU,50LV/81LT,12000,TRK,2WD,,Diesel,Unknown
ISUZU,ELF NKR/NJR/NPR /NHR/NLR85,3000,TRK,2WD,,Diesel,Unknown
ISUZU,ELF NKR/NJR/NPR75,5190,TRK,2WD,,Diesel,Unknown
ISUZU,ELF NMR85,3000,TRK,4X2,,Diesel,Unknown
ISUZU,FRR 33LR-Body on,8226,TRK,2WD,,Diesel,Unknown
ISUZU,FRR 90,5200,TRK,4X2,,Diesel,Unknown
ISUZU,FSR 33H -Body on,8226,TRK,2WD,,Diesel,Unknown
ISUZU,FTS 33 H Body On,8226,TRK,4WD,,Diesel,Unknown
ISUZU,FVR 23M with body on,9839,TRK,6x2,,Diesel,Unknown
ISUZU,FVX 23S with the body on,9839,TRK,6x2,,Diesel,Unknown
ISUZU,FVZ 23M with body on,9839,TRK,6x2,,Diesel,Unknown
ISUZU,GIGA CXE77,9830,TRK,6x2,,Diesel,Unknown
ISUZU,NHR 55 Body on,2771,TRK,2WD,,Diesel,Unknown
ISUZU,NKR 66L BODY ON,4334,TRK,2WD,,Diesel,Unknown
ISUZU,NPR 66P,4334,TRK,2WD,,Diesel,Unknown
ISUZU,NQR 66R,4334,TRK,2WD,,Diesel,Unknown
ISUZU,NQR 70,4571,TRK,2WD,,Diesel,Unknown
ISUZU,COMO,2950,VAN,2WD,,Diesel,Unknown
IVECO,AT720T42TH,12880,PM,6X4,,Diesel,Unknown
IVECO,ML 140 E24WDEE TURBO,5880,TRK,4x4,,Diesel,Unknown
IVECO,ML 170 E21H TURBO,5861,TRK,4x2,,Diesel,Unknown
IVECO,ML 180E,5880,TRK,,,Diesel,Unknown
IVECO,ML 2111 Turbo,5861,TRK,,,Diesel,Unknown
IVECO,MP380 E 37H/IP/MOVER,13798,TRK,6X4,,Diesel,Unknown
IVECO,MP70 E IVECO,13798,TRK,6X4,,Diesel,Unknown
IVECO,MP720,13793,TRK,2WD,,Diesel,Unknown
IVECO,Stralis,10308,PM,,,Diesel,Unknown
IVECO,Berlingo,1400,SALOON,,,Petrol,2018
IVECO,Xantia,1800,SALOON,,,Petrol,2001
IVECO,Xsara,1600,SALOON,,,Petrol,2004
JAC,HFC1020 4X2 S/CAB LIGHT TRUCK,2771,TRK,4X2,,Diesel,Unknown
JAC,HFC1048 4X2 S/CAB LIGHT TRUCK,4324,TRK,4X2,,Diesel,Unknown
JAC,HFC1063 4X2 S/CAB LIGHT TRUCK TURBO,3856,TRK,4X2,,Diesel,Unknown
JAC,SINOTRUCK HOWO 6X4 TRACTOR F12 SYNCHROMESH,9726,PM,6X4,,Diesel,Unknown
JAC,SINOTRUCK HOWO 6X4 TIPPER,9726,TRK,6X4,,Diesel,Unknown
JAC,HOWO DUMPER TRUCK ,9726,TRK,6X4,,Diesel,Unknown
JAGUAR,S-Type,3000,SALOON,2WD,,Petrol,2008
JAGUAR,X-Type,2495,SALOON,2WD,,Petrol,2009
JAGUAR,X-Type,2000,SALOON,2WD,,Diesel,2009
JAGUAR,X-Type,2200,SALOON,2WD,,Diesel,2009
JAGUAR,F-Type V6,3000,SALOON,2WD,,Petrol,2023
JAGUAR,F-Type V6S,3000,SALOON,2WD,,Petrol,2023
JAGUAR,F-Type Supercharged Convertible Manual 340ps,3000,SALOON,2WD,,Petrol,2023
JAGUAR,F-Type Supercharged Convertible Manual 340ps R-Dynamic,3000,SALOON,2WD,,Petrol,2023
JAGUAR,F-Type Supercharged Convertible Auto 340ps,3000,SALOON,2WD,,Petrol,2023
JAGUAR,F-Type Supercharged Convertible Auto 340ps R-Dynamic,3000,SALOON,2WD,,Petrol,2023
JAGUAR,F-Type Supercharged Convertible Manual 380ps,3000,SALOON,2WD,,Petrol,2023
JAGUAR,F-Type Supercharged Convertible Manual 380ps R-Dynamic,3000,SALOON,2WD,,Petrol,2023
JAGUAR,F-Type Supercharged Convertible Auto 380ps,3000,SALOON,2WD,,Petrol,2023
JAGUAR,F-Type Supercharged Convertible Auto 380ps R-Dynamic,3000,SALOON,2WD,,Petrol,2023
JAGUAR,F-Type Supercharged Convertible Auto 380ps,3000,SALOON,4WD,,Petrol,2023
JAGUAR,F-Type Supercharged Convertible Auto 380ps R-Dynamic,3000,SALOON,4WD,,Petrol,2023
JAGUAR,F-Type Supercharged Convertible Auto 400ps 400 Sport,3000,SALOON,2WD,,Petrol,2023
JAGUAR,F-Type Supercharged Convertible Auto 400ps 400 Sport,3000,SALOON,4WD,,Petrol,2023
JAGUAR,F-Type Supercharged Convertible Auto 550ps 400 R,5000,SALOON,4WD,,Petrol,2023
JAGUAR,F-Type Supercharged Convertible Auto 575ps 400 SVR,5000,SALOON,4WD,,Petrol,2023
JAGUAR,F-Type Supercharged Coupe Manual 340ps,3000,SALOON,2WD,,Petrol,2023
JAGUAR,F-Type Supercharged Coupe Manual 340ps R-Dynamic,3000,SALOON,2WD,,Petrol,2023
JAGUAR,F-Type Supercharged Coupe Auto 340ps,3000,SALOON,2WD,,Petrol,2023
JAGUAR,F-Type Supercharged Coupe Auto 340ps R-Dynamic,3000,SALOON,2WD,,Petrol,2023
JAGUAR,F-Type Supercharged Coupe Manual 380ps,3000,SALOON,2WD,,Petrol,2023
JAGUAR,F-Type Supercharged Coupe Manual 380ps R-Dynamic,3000,SALOON,2WD,,Petrol,2023
JAGUAR,F-Type Supercharged Coupe Auto 380ps,3000,SALOON,2WD,,Petrol,2023
JAGUAR,F-Type Supercharged Coupe Auto 380ps R-Dynamic,3000,SALOON,2WD,,Petrol,2023
JAGUAR,F-Type Supercharged Coupe Auto 380ps,3000,SALOON,4WD,,Petrol,2023
JAGUAR,F-Type Supercharged Coupe Auto 380ps R-Dynamic,3000,SALOON,4WD,,Petrol,2023
JAGUAR,F-Type Supercharged Coupe Auto 400ps 400 Sport,3000,SALOON,2WD,,Petrol,2023
JAGUAR,F-Type Supercharged Coupe Auto 400ps 400 Sport,3000,SALOON,4WD,,Petrol,2023
JAGUAR,F-Type Supercharged Coupe Auto 550ps 400 R,5000,SALOON,4WD,,Petrol,2023
JAGUAR,F-Type S/C Coupe Auto 57Sps 400 SVR,5000,SALOON,4WD,,Petrol,2023
JAGUAR,F-Type V8S,5000,SALOON,2WD,,Petrol,2023
JAGUAR,XE Turbocharged Auto Prestige,2000,SALOON,2WD,,Diesel,Unknown
JAGUAR,XE Turbocharged Auto Prestige,2000,SALOON,2WD,,Petrol,Unknown
JAGUAR,XE Turbocharged Auto Portfolio,2000,SALOON,2WD,,Diesel,Unknown
JAGUAR,XF 2.0i 4 Premium Luxury,2000,SALOON,2WD,,Petrol,2015
JAGUAR,XF 2.2 Premium Luxury,2200,SALOON,2WD,,Diesel,2015
JAGUAR,XF 3.0 DS Premium Luxury,3000,SALOON,2WD,,Diesel,2015
JAGUAR,XF V6 Semi Luxury,3000,SALOON,2WD,,Petrol,2015
JAGUAR,XF Turbocharged Auto Prestige,2000,SALOON,2WD,,Diesel,2015
JAGUAR,XF Turbocharged Auto R-Sport,2000,SALOON,2WD,,Diesel,2015
JAGUAR,XF Turbocharged Auto 250ps Prestige,2000,SALOON,2WD,,Petrol,2015
JAGUAR,XF Turbocharged Auto 250ps R-Sport,2000,SALOON,2WD,,Petrol,2015
JAGUAR,XF Turbocharged Auto 250ps Portfolio,2000,SALOON,2WD,,Petrol,2015
JAGUAR,XFR V8 Supercharged,5000,SALOON,2WD,,Petrol,2015
JAGUAR,XJ 5.0i Supercharged Ultimate,5000,SALOON,2WD,,Petrol,2019
JAGUAR,XJ 5.0i Supercharged Supersport,5000,SALOON,2WD,,Petrol,2019
JAGUAR,XJ 3.0i Supercharged Premium luxury,3000,SALOON,2WD,,Petrol,2019
JAGUAR,XJ 2.0i 4 Luxury,2000,SALOON,2WD,,Petrol,2019
JAGUAR,XJ T/C 300ps Luxury,3000,SALOON,2WD,,Diesel,2019
JAGUAR,XJ 2.0i 4 Premium Luxury,2000,SALOON,2WD,,Petrol,2019
JAGUAR,XJ T/C 300ps Premium Luxury,3000,SALOON,2WD,,Diesel,2019
JAGUAR,XJ T/C S/C R-Sport,3000,SALOON,2WD,,Petrol,2019
JAGUAR,XJ T/C 300ps LWB Premium Luxury,3000,SALOON,2WD,,Diesel,2019
JAGUAR,XJ 5.0i NA Portfolio LWB,5000,SALOON,2WD,,Petrol,2019
JAGUAR,XJ T/C Supercharged LWB Portfolio,3000,SALOON,2WD,,Petrol,2019
JAGUAR,XJ T/C Supercharged  LWB Autobiography,5000,SALOON,2WD,,Petrol,2019
JAGUAR,XJ T/C 300ps XJ50,3000,SALOON,2WD,,Diesel,2019
JAGUAR,XJ T/C 300ps LWB XJ50,3000,SALOON,2WD,,Diesel,2019
JAGUAR,XK coupe,5000,COUPE,2WD,,Petrol,2014
JAGUAR,XKR Supercharged coupe,5000,COUPE,2WD,,Petrol,2014
JAGUAR,F-PACE Turbocharged  Auto Pure,2000,S/WAGON,4WD,,Diesel,Unknown
JAGUAR,F-PACE Turbocharged  Auto R-Sport,2000,S/WAGON,4WD,,Diesel,Unknown
JAGUAR,F-PACE Turbocharged  Auto Pure,2000,S/WAGON,4WD,,Petrol,Unknown
JAGUAR,F-PACE Turbocharged  Auto R-Sport,2000,S/WAGON,4WD,,Petrol,Unknown
JAGUAR,F-PACE Auto Pure,2000,S/WAGON,4WD,,Petrol,Unknown
JAGUAR,F-PACE Auto R-Sport,2000,S/WAGON,4WD,,Petrol,Unknown
JAGUAR,F-PACE Supercharged Auto S,3000,S/WAGON,4WD,,Petrol,Unknown
JAGUAR,F-PACE Supercharged Auto SVR,5000,S/WAGON,4WD,,Petrol,Unknown
JAGUAR,E-PACE Turbocharged Auto 150ps,2000,S/WAGON,4WD,,Diesel,Unknown
JAGUAR,E-PACE Turbocharged Auto 150ps S,2000,S/WAGON,4WD,,Diesel,Unknown
JAGUAR,E-PACE Turbocharged Auto 150ps SE,2000,S/WAGON,4WD,,Diesel,Unknown
JAGUAR,E-PACE Turbocharged Auto 150ps HSE,2000,S/WAGON,4WD,,Diesel,Unknown
JAGUAR,E-PACE Turbocharged Auto 150ps R- Dynamic,2000,S/WAGON,4WD,,Diesel,Unknown
JAGUAR,E-PACE Turbocharged Auto 150ps R- Dynamic S,2000,S/WAGON,4WD,,Diesel,Unknown
JAGUAR,E-PACE Turbocharged Auto 150ps R- Dynamic SE,2000,S/WAGON,4WD,,Diesel,Unknown
JAGUAR,E-PACE Turbocharged Auto 150ps R- Dynamic HSE,2000,S/WAGON,4WD,,Diesel,Unknown
JAGUAR,E-PACE Turbocharged Auto 180ps,2000,S/WAGON,4WD,,Diesel,Unknown
JAGUAR,E-PACE Turbocharged Auto 180ps S,2000,S/WAGON,4WD,,Diesel,Unknown
JAGUAR,E-PACE Turbocharged Auto 180ps SE,2000,S/WAGON,4WD,,Diesel,Unknown
JAGUAR,E-PACE Turbocharged Auto 180ps HSE,2000,S/WAGON,4WD,,Diesel,Unknown
JAGUAR,E-PACE Turbocharged Auto 180ps R- Dynamic,2000,S/WAGON,4WD,,Diesel,Unknown
JAGUAR,E-PACE Turbocharged Auto 180ps R- Dynamic S,2000,S/WAGON,4WD,,Diesel,Unknown
JAGUAR,E-PACE Turbocharged Auto 180ps R- Dynamic SE,2000,S/WAGON,4WD,,Diesel,Unknown
JAGUAR,E-PACE Turbocharged Auto 180ps R- Dynamic HSE,2000,S/WAGON,4WD,,Diesel,Unknown
JAGUAR,E-PACE Turbocharged Auto 200ps,2000,S/WAGON,4WD,,Petrol,Unknown
JAGUAR,E-PACE Turbocharged Auto 200ps S,2000,S/WAGON,4WD,,Petrol,Unknown
JAGUAR,E-PACE Turbocharged Auto 200ps SE,2000,S/WAGON,4WD,,Petrol,Unknown
JAGUAR,E-PACE Turbocharged Auto 200ps HSE,2000,S/WAGON,4WD,,Petrol,Unknown
JAGUAR,E-PACE Turbocharged Auto 200ps R- Dynamic,2000,S/WAGON,4WD,,Petrol,Unknown
JAGUAR,E-PACE Turbocharged Auto 200ps R- Dynamic S,2000,S/WAGON,4WD,,Petrol,Unknown
JAGUAR,E-PACE Turbocharged Auto 200ps R- Dynamic SE,2000,S/WAGON,4WD,,Petrol,Unknown
JAGUAR,E-PACE Turbocharged Auto 200ps R- Dynamic HSE,2000,S/WAGON,4WD,,Petrol,Unknown
JAGUAR,E-PACE Turbocharged Auto 240ps,2000,S/WAGON,4WD,,Petrol,Unknown
JAGUAR,E-PACE Turbocharged Auto 240ps S,2000,S/WAGON,4WD,,Petrol,Unknown
JAGUAR,E-PACE Turbocharged Auto 240ps SE,2000,S/WAGON,4WD,,Petrol,Unknown
JAGUAR,E-PACE Turbocharged Auto 240ps HSE,2000,S/WAGON,4WD,,Petrol,Unknown
JAGUAR,E-PACE Turbocharged Auto 240ps R- Dynamic,2000,S/WAGON,4WD,,Petrol,Unknown
JAGUAR,E-PACE Turbocharged Auto 240ps R- Dynamic S,2000,S/WAGON,4WD,,Petrol,Unknown
JAGUAR,E-PACE Turbocharged Auto 240ps R- Dynamic SE,2000,S/WAGON,4WD,,Petrol,Unknown
JAGUAR,E-PACE Turbocharged Auto 240ps R- Dynamic HSE,2000,S/WAGON,4WD,,Petrol,Unknown
JAGUAR,E-PACE Turbocharged Auto 300ps S,2000,S/WAGON,4WD,,Petrol,Unknown
JAGUAR,E-PACE Turbocharged Auto 300ps SE,2000,S/WAGON,4WD,,Petrol,Unknown
JAGUAR,E-PACE Turbocharged Auto 300ps HSE,2000,S/WAGON,4WD,,Petrol,Unknown
JAGUAR,E-PACE Turbocharged Auto 300ps R- Dynamic S,2000,S/WAGON,4WD,,Petrol,Unknown
JAGUAR,E-PACE Turbocharged Auto 300ps R- Dynamic SE,2000,S/WAGON,4WD,,Petrol,Unknown
JAGUAR,E-PACE Turbocharged Auto 300ps R- Dynamic HSE,2000,S/WAGON,4WD,,Petrol,Unknown
JEEP,Compass 2.0CVT,2000,S/WAGON,2WD,,Petrol,Unknown
JEEP,Commander,3000,S/WAGON,4WD,,Diesel,2010
JEEP,Cherokee KK SPORT 2 DOOR,2800,S/WAGON,4WD,,Diesel,2013
JEEP,Cherokee KK LIMITED 4 DOOR,2800,S/WAGON,4WD,,Diesel,2013
JEEP,Cherokee 2.8 SPORT 5 SPEED AUTO,2800,S/WAGON,4WD,,Diesel,2013
JEEP,Grand Cherokee “Overland” 3.0L CRDI--5 Speed Manual/CRD-5Speed,2768,S/WAGON,4WD,,Diesel,2010
JEEP,Grand Cherokee “Overland” 2.8L CRD LTD -5 Speed Auto,2768,S/WAGON,4WD,,Diesel,2010
JEEP,Grand Cherokee “Summit” 3.0L CRD Auto,2987,S/WAGON,4WD,,Diesel,2010
JEEP,Grand Cherokee “Overland” 3.0L CDI  6 Speed Manual,3000,S/WAGON,4WD,,Diesel,2010
JEEP,Cherokee Limited 3.2,3200,S/WAGON,4WD,,Diesel,Unknown
JEEP,Cherokee Trailhawk,3200,S/WAGON,4WD,,Diesel,Unknown
JEEP,Cherokee 6.4L SRT8,6400,S/WAGON,4WD,,Diesel,Unknown
JEEP,Compass Limited,2000,S/WAGON,2WD,,Diesel,Unknown
JEEP,Grand Cherokee Limited 3.0,3000,S/WAGON,4WD,,Diesel,Unknown
JEEP,Grand Cherokee Overland 3.0,3000,S/WAGON,4WD,,Diesel,Unknown
JEEP,Grand Limited 3.6,3600,S/WAGON,4WD,,Diesel,Unknown
JEEP,Grand Cheokee Limited 3.6,3600,S/WAGON,4WD,,Petrol,Unknown
JEEP,Grand Overland 5.7,5700,S/WAGON,4WD,,Diesel,Unknown
JEEP,Grand Overland,3600,S/WAGON,4WD,,Diesel,Unknown
JEEP,Grand Cherokee Chrysler,4700,S/WAGON,4WD,,Petrol,2004
JEEP,Wrangler SAHARA 2 Door CRDI,2768,S/WAGON,4WD,,Diesel,2018
JEEP,Wrangler SAHARA 4 Door CRDI AUTO,2768,S/WAGON,4WD,,Diesel,2018
JEEP,Wrangler UNLIMITED SAHARA AUTO,3600,S/WAGON,4WD,,Petrol,2018
JEEP,Wrangler UNLIMITED SAHARA AUTO 2 DOOR,3600,S/WAGON,4WD,,Petrol,2018
JEEP,Wrangler Rubicon 2 Door,3600,S/WAGON,4WD,,Petrol,2018
JEEP,Wrangler Rubicon 4 Door,3600,S/WAGON,4WD,,Petrol,2018
JEEP,Patriot,2350,S/WAGON,4WD,,Diesel,2017
JEEP,Patriot,2000,S/WAGON,4WD,,Diesel,2017
KIA,Cerato 1.6,1600,SALOON,2WD,,Diesel,2009
KIA,K2700 Manual,2700,SCAB,2WD,,Diesel,Unknown
KIA,RIO 1.3 RS AUTO,1343,SALOON,2WD,,Petrol,2017
KIA,RIO 1.4 AUTO,1400,SALOON,2WD,,Petrol,2017
KIA,RIO 1.5 LS AUTO,1493,SALOON,2WD,,Petrol,2017
KIA,Sorento XM 2.2 A/T,2200,S/WAGON,4WD,,Diesel,2009
KIA,Sorento 2.5 D M/T,2500,S/WAGON,4WD,,Diesel,2009
KIA,Sorento 2.4 XM A/T,2400,S/WAGON,4WD,,Petrol,2009
KIA,Sportage 2.0 M/T,2000,S/WAGON,4WD,,Petrol,2010
KIA,Sportage 2.0 M/T,2000,S/WAGON,4WD,,Diesel,2010
KIA,Sportage 2.0 A/T,2000,S/WAGON,4WD,,Petrol,2010
KIA,Sportage 2.0 A/T,2000,S/WAGON,4WD,,Diesel,2010
KIA,KIA K2700 DSL Dropside body,2700,PU,2WD,,Diesel,Unknown
KIA,KIA K2700 DSL High Deck,2700,PU,2WD,,Diesel,Unknown
KIA,SHUMA 1.6 LS,1594,SALOON,2WD,,Petrol,2001
KIA,CARENS,1794,S/WAGON,2WD,,Petrol,2006
KIA,Picanto 1.1L,1100,S/WAGON,2WD,,Petrol,2011
KIA,Carnival 2.7L,2700,S/WAGON,2WD,,Petrol,2006
KIA,Sedona LE KNEUP75,2902,S/WAGON,4WD,,Petrol,2005
KIA,SOUL AUTO,1600,S/WAGON,4WD,,Petrol,2013
LANDROVER,Defender 90 Soft Top TD4 Manual,2200,S/WAGON,4WD,,Diesel,2016
LANDROVER,Defender 90 Station Wagon TD4 Manual,2200,S/WAGON,4WD,,Diesel,2016
LANDROVER,Defender 90 S/W Heritage,2200,S/WAGON,4WD,,Diesel,2016
LANDROVER,Defender 90 S/W Adventure,2200,S/WAGON,4WD,,Diesel,2016
LANDROVER,Defender 110 Soft Top TD4 Manual,2200,S/WAGON,4WD,,Diesel,2016
LANDROVER,Defender 110 Hard Top,2200,S/WAGON,4WD,,Diesel,2016
LANDROVER,Defender 110 Pick UP TD4 Manual,2200,PICK UP,4WD,,Diesel,2016
LANDROVER,Defender 110 High Capacity Pick Up TD4 Manual,2200,PICK UP,4WD,,Diesel,2016
LANDROVER,Defender 110 Station Wagon TD4 Manual,2200,S/WAGON,4WD,,Diesel,2016
LANDROVER,Defender 110 Crew Cab Pick Up TD4 Manual,2200,DOUBLE  CAB,4WD,,Diesel,2016
LANDROVER,Defender 110 S/W Heritage,2200,S/WAGON,4WD,,Diesel,2016
LANDROVER,Defender 110 S/W Adventure,2200,S/WAGON,4WD,,Diesel,2016
LANDROVER,Defender 130 Cab Chassis TD4 Manual,2200,S/WAGON,4WD,,Diesel,2016
LANDROVER,Defender 130 Crew Cab High Capacity Pick Up TD4 Manual,2200,PICK UP,4WD,,Diesel,2016
LANDROVER,Defender 110 TD4 FBU LTD EDITION,2400,S/WAGON,4WD,,Diesel,2016
LANDROVER,Defender 110 TD4 FBU,2500,S/WAGON,4WD,,Diesel,2016
LANDROVER,Defender 110 TD4/109 - FBU,2500,S/CAB,4WD,,Diesel,2016
LANDROVER,Defender 130 TD4- SW(FBU) LTD EDITION,2400,S/WAGON,4WD,,Diesel,2016
LANDROVER,Defender TD4 SafariWagon,2500,S/WAGON,4WD,,Diesel,2016
LANDROVER,Defender TD4 GAMEVIEWER,2500,P/UP,4WD,,Diesel,2016
LANDROVER,Defender 110 TDI - PU(FBU),2500,SCAB,4WD,,Diesel,2016
LANDROVER,Defender 110 TDI - SW(FBU),2500,S/WAGON,4WD,,Diesel,2016
LANDROVER,Defender 110 TDI - SafariWagon/Santana,2500,S/WAGON,4WD,,Diesel,2016
LANDROVER,SANTANA PS10,2800,S/WAGON,4WD,,Diesel,2011
LANDROVER,Discovery  SDV6 Granite,3000,ESTATE,4WD,,Diesel,2016
LANDROVER,Discovery  SDV6 Landmark,3000,ESTATE,4WD,,Diesel,2016
LANDROVER,Discovery  SDV6 S,3000,ESTATE,4WD,,Diesel,2016
LANDROVER,Discovery  Si4 HSE,2000,ESTATE,4WD,,Petrol,2016
LANDROVER,Discovery Si4 HSE LUXURY,2000,ESTATE,4WD,,Petrol,2016
LANDROVER,Discovery Si6 S,3000,ESTATE,4WD,,Petrol,2016
LANDROVER,Discovery Si6 SE,3000,ESTATE,4WD,,Petrol,2016
LANDROVER,Discovery Si6 HSE Luxury,3000,ESTATE,4WD,,Petrol,2016
LANDROVER,Discovery Si6 First Edition,3000,ESTATE,4WD,,Petrol,2016
LANDROVER,Discovery TD6,3000,ESTATE,4WD,,Diesel,2016
LANDROVER,Discovery TD6 SE,3000,ESTATE,4WD,,Diesel,2016
LANDROVER,Discovery TD6 HSE,3000,ESTATE,4WD,,Diesel,2016
LANDROVER,Discovery TD6 HSE Luxury,3000,ESTATE,4WD,,Diesel,2016
LANDROVER,Discovery TD6 First Edition,3000,ESTATE,4WD,,Diesel,2016
LANDROVER,Discovery III TDV6 SE,2700,ESTATE,4WD,,Diesel,2009
LANDROVER,Discovery III TDV6 S SPECIAL,2700,ESTATE,4WD,,Diesel,2009
LANDROVER,Discovery III TDV6 HSE,2700,ESTATE,4WD,,Diesel,2009
LANDROVER,Discovery IV TDV6 SE,3000,ESTATE,4WD,,Diesel,2016
LANDROVER,Discovery IV TDV6 HSE,3000,ESTATE,4WD,,Diesel,2016
LANDROVER,Discovery IV 4TDV6 XS,3000,ESTATE,4WD,,Diesel,2016
LANDROVER,Discovery IV 2.7L TDV6 S,2700,ESTATE,4WD,,Diesel,2016
LANDROVER,Discovery IV 2.7L V6 PE SE HIGH SPEC,2700,ESTATE,4WD,,Diesel,2016
LANDROVER,Discovery IV 2.7L TDV6 HSE,2700,ESTATE,4WD,,Diesel,2016
LANDROVER,Discovery 5.0L P SE,5000,ESTATE,4WD,,Petrol,2016
LANDROVER,Discovery 5.0L P HSE,5000,ESTATE,4WD,,Petrol,2016
LANDROVER,Discovery ES V8 (7 Seats),3947,ESTATE,4WD,,Petrol,2004
LANDROVER,Discovery 3.0 V6 SE,3000,ESTATE,4WD,,Petrol,2016
LANDROVER,Discovery 3.0 V6 HSE,3000,ESTATE,4WD,,Petrol,2016
LANDROVER,Discovery Sport Si4,2000,ESTATE,4WD,,Petrol,Unknown
LANDROVER,Discovery sport Si4 Pure,2000,ESTATE,4WD,,Petrol,Unknown
LANDROVER,Discovery sport Si4 SE,2000,ESTATE,4WD,,Petrol,Unknown
LANDROVER,Discovery sport Si4 HSE,2000,ESTATE,4WD,,Petrol,Unknown
LANDROVER,Discovery sport Si4 HSE LUXURY,2000,ESTATE,4WD,,Petrol,Unknown
LANDROVER,Discovery Sport SD4 Pure,2000,ESTATE,4WD,,Diesel,Unknown
LANDROVER,Discovery Sport SD4 SE,2000,ESTATE,4WD,,Diesel,Unknown
LANDROVER,Discovery Sport SD4 HSE,2000,ESTATE,4WD,,Diesel,Unknown
LANDROVER,Discovery Sport SD4 HSE LUXURY,2000,ESTATE,4WD,,Diesel,Unknown
LANDROVER,Discovery (L462) S,3000,ESTATE,4WD,,Diesel,Unknown
LANDROVER,Discovery (L462) SE,3000,ESTATE,4WD,,Diesel,Unknown
LANDROVER,Discovery (L462) HSE,3000,ESTATE,4WD,,Diesel,Unknown
LANDROVER,Discovery (L462) HSE LUXURY,3000,ESTATE,4WD,,Diesel,Unknown
LANDROVER,Discovery (L462) S,3000,ESTATE,4WD,,Petrol,Unknown
LANDROVER,Discovery (L462) SE,3000,ESTATE,4WD,,Petrol,Unknown
LANDROVER,Range Rover Evogue SD4 S,2000,ESTATE,4WD,,Diesel,Unknown
LANDROVER,Range Rover Evogue SD4 SE,2000,ESTATE,4WD,,Diesel,Unknown
LANDROVER,Range Rover Evogue SD4 HSE,2000,ESTATE,4WD,,Diesel,Unknown
LANDROVER,Range Rover Evogue SD4 SE Plus,2000,ESTATE,4WD,,Diesel,Unknown
LANDROVER,Range Rover Evogue SD4 SE Dynamic Special Edition,2000,ESTATE,4WD,,Diesel,Unknown
LANDROVER,Range Rover Evogue SD4 HSE DYNAMIC,2000,ESTATE,4WD,,Diesel,Unknown
LANDROVER,Range Rover Evogue SD4 Coupe HSE Dynamic,2000,ESTATE,4WD,,Diesel,Unknown
LANDROVER,Range Rover Evogue SD4 Convertible HSE Dynamic,2000,ESTATE,4WD,,Diesel,Unknown
LANDROVER,Range Rover Evogue SD4 Autobiography,2000,ESTATE,4WD,,Diesel,Unknown
LANDROVER,Range Rover Evogue Si4 S,2000,ESTATE,4WD,,Petrol,Unknown
LANDROVER,Range Rover Evogue Si4 SE,2000,ESTATE,4WD,,Petrol,Unknown
LANDROVER,Range Rover Evogue Si4 SE Plus,2000,ESTATE,4WD,,Petrol,Unknown
LANDROVER,Range Rover Evogue Si4 SE Dynamic Special Edition,2000,ESTATE,4WD,,Petrol,Unknown
LANDROVER,Range Rover Evogue Si4 HSE,2000,ESTATE,4WD,,Petrol,Unknown
LANDROVER,Range Rover Evogue Si4 HSE DYNAMIC,2000,ESTATE,4WD,,Petrol,Unknown
LANDROVER,Range Rover Evogue Si4 Autobiography,2000,ESTATE,4WD,,Petrol,Unknown
LANDROVER,Range Rover Evogue Si4 Coupe HSE Dynamic,2000,ESTATE,4WD,,Petrol,Unknown
LANDROVER,Range Rover Evogue Si4 Convertible HSE Dynamic,2000,ESTATE,4WD,,Petrol,Unknown
LANDROVER,Range Rover Sport 4.2P,4200,ESTATE,4WD,,Petrol,2009
LANDROVER,Range Rover Sport SDV8 HSE DYNAMIC,4400,ESTATE,4WD,,Diesel,Unknown
LANDROVER,Range Rover Sport SDV8 AutoBiography Dynamic,4400,ESTATE,4WD,,Diesel,Unknown
LANDROVER,Range Rover Sport SDV6 SE,3000,ESTATE,4WD,,Diesel,Unknown
LANDROVER,Range Rover Sport SDV6 HSE,3000,ESTATE,4WD,,Diesel,Unknown
LANDROVER,Range Rover Sport SDV8 HSE Dynamic,4400,ESTATE,4WD,,Diesel,Unknown
LANDROVER,Range Rover Sport TDV6 S,3000,ESTATE,4WD,,Diesel,2013
LANDROVER,Range Rover Sport TDV6 SE,3000,ESTATE,4WD,,Diesel,2013
LANDROVER,Range Rover Sport TDV6 HSE,3000,ESTATE,4WD,,Diesel,2013
LANDROVER,Range Rover sport 3.6L TDV8 SE,3600,ESTATE,4WD,,Diesel,2013
LANDROVER,Range Rover Sport 3.6L TDV8 HSE,3600,ESTATE,4WD,,Diesel,2013
LANDROVER,Range Rover sport 4.2 L TDV8 SC,4200,ESTATE,4WD,,Diesel,2013
LANDROVER,Range Rover Sport V6 Supercharged S,3000,ESTATE,4WD,,Petrol,Unknown
LANDROVER,Range Rover Sport V6 Supercharged SE,3000,ESTATE,4WD,,Petrol,Unknown
LANDROVER,Range Rover Sport V6 Supercharged HSE,3000,ESTATE,4WD,,Petrol,Unknown
LANDROVER,Range Rover Sport V6 Supercharged HST,3000,ESTATE,4WD,,Petrol,Unknown
LANDROVER,Range Rover Sport V6 AB Dynamic,3000,ESTATE,4WD,,Petrol,Unknown
LANDROVER,Range Rover Sport V8 Supercharged HSE Dynamic,5000,ESTATE,4WD,,Petrol,Unknown
LANDROVER,Range Rover Sport V8 AutoBiography Dynamic,5000,ESTATE,4WD,,Petrol,Unknown
LANDROVER,Range Rover Sport V8 Supercharged Autobiography Dynamic,5000,ESTATE,4WD,,Petrol,Unknown
LANDROVER,Range Rover Sport V8 Supercharged SVR,5000,ESTATE,4WD,,Petrol,Unknown
LANDROVER,Range Rover SDV8 Vogue SE -SWB,4400,ESTATE,4WD,,Diesel,Unknown
LANDROVER,Range Rover SDV8 Vogue Autobiography-SWB,4400,ESTATE,4WD,,Diesel,Unknown
LANDROVER,Range Rover TDV6 Vogue -SWB,3000,ESTATE,4WD,,Diesel,2012
LANDROVER,Range Rover TDV8 VOGUE,3600,ESTATE,4WD,,Diesel,2012
LANDROVER,Range Rover V6 (340PS) Vogue-SWB,3000,ESTATE,4WD,,Petrol,Unknown
LANDROVER,Range Rover V6 (340PS) Vogue SWB,3000,ESTATE,4WD,,Diesel,Unknown
LANDROVER,Range Rover V6 (380PS) Vogue SE-SWB,3000,ESTATE,4WD,,Petrol,Unknown
LANDROVER,Range Rover V6 (380PS)Vogue SE SWB,3000,ESTATE,4WD,,Diesel,Unknown
LANDROVER,Range Rover V6 (380PS) Autobiography-SWB,3000,ESTATE,4WD,,Petrol,Unknown
LANDROVER,Range Rover V6  (380PS) Autobiography SWB,3000,ESTATE,4WD,,Diesel,Unknown
LANDROVER,Range Rover V6 (380PS) Vogue LWB,3000,ESTATE,4WD,,Petrol,Unknown
LANDROVER,Range Rover V6 (380PS) Vogue SE- LWB,3000,ESTATE,4WD,,Petrol,Unknown
LANDROVER,Range Rover V6 (380PS) Autobiography - LWB,3000,ESTATE,4WD,,Petrol,Unknown
LANDROVER,Range Rover V6 SV Autobiography-LWB,3000,ESTATE,4WD,,Petrol,Unknown
LANDROVER,Range Rover V8 Super charged Vogue SWB,5000,ESTATE,4WD,,Petrol,Unknown
LANDROVER,Range Rover V8 Supercharged Vogue SE-SWB,5000,ESTATE,4WD,,Petrol,Unknown
LANDROVER,Range Rover V8 Supercharged Autobiography-SWB,5000,ESTATE,4WD,,Petrol,Unknown
LANDROVER,Range Rover V8 Supercharged SVA Dynamic-SWB,5000,ESTATE,4WD,,Petrol,Unknown
LANDROVER,Range Rover V8 Supercharged Vogue SE -LWB,5000,ESTATE,4WD,,Petrol,Unknown
LANDROVER,Range Rover V8 Supercharged Vogue LWB,5000,ESTATE,4WD,,Petrol,Unknown
LANDROVER,Range Rover V8 Supercharged Autobiography -LWB,5000,ESTATE,4WD,,Petrol,Unknown
LANDROVER,Range Rover SDV8 Vogue SE -LWB,4400,ESTATE,4WD,,Diesel,Unknown
LANDROVER,Range Rover SDV8 Vogue Autobiography-LWB,4400,ESTATE,4WD,,Diesel,Unknown
LANDROVER,Range Rover SDV8 Autobiography LWB,4400,ESTATE,4WD,,Diesel,Unknown
LANDROVER,Range Rover SDV8 SV Autobiography -LWB,4400,ESTATE,4WD,,Diesel,Unknown
LANDROVER,Range Rover Velar 180ps Base,2000,ESTATE,4WD,,Diesel,Unknown
LANDROVER,Range Rover Velar 180ps S,2000,ESTATE,4WD,,Diesel,Unknown
LANDROVER,Range Rover Velar 180ps SE,2000,ESTATE,4WD,,Diesel,Unknown
LANDROVER,Range Rover Velar 180ps HSE,2000,ESTATE,4WD,,Diesel,Unknown
LANDROVER,Range Rover Velar 180ps R-Dynamic Base,2000,ESTATE,4WD,,Diesel,Unknown
LANDROVER,Range Rover Velar 180ps R-Dynamic S,2000,ESTATE,4WD,,Diesel,Unknown
LANDROVER,Range Rover Velar 180ps R-Dynamic SE,2000,ESTATE,4WD,,Diesel,Unknown
LANDROVER,Range Rover Velar 180ps R-Dynamic HSE,2000,ESTATE,4WD,,Diesel,Unknown
LANDROVER,Range Rover Velar 250ps Base,2000,ESTATE,4WD,,Diesel,Unknown
LANDROVER,Range Rover Velar 250ps S,2000,ESTATE,4WD,,Diesel,Unknown
LANDROVER,Range Rover Velar 250ps HSE,2000,ESTATE,4WD,,Petrol,Unknown
LANDROVER,Range Rover Velar 250ps R-Dynamic Base,2000,ESTATE,4WD,,Petrol,Unknown
LANDROVER,Range Rover Velar 250ps R-Dynamic S,2000,ESTATE,4WD,,Petrol,Unknown
LANDROVER,Range Rover Velar 250ps R-Dynamic SE,2000,ESTATE,4WD,,Petrol,Unknown
LANDROVER,Range Rover Velar 250ps R-Dynamic HSE,2000,ESTATE,4WD,,Petrol,Unknown
LANDROVER,Range Rover Velar 300ps Base,2000,ESTATE,4WD,,Petrol,Unknown